2025-07-07T19:29:50.756+09:00  INFO 12356 --- [main] c.e.coupon_con.CouponConApplication      : Starting CouponConApplication using Java 17.0.11 with PID 12356 (/Users/user/Desktop/coupon_con/out/production/classes started by user in /Users/user/Desktop/coupon_con)
2025-07-07T19:29:50.760+09:00  INFO 12356 --- [main] c.e.coupon_con.CouponConApplication      : No active profile set, falling back to 1 default profile: "default"
2025-07-07T19:29:52.518+09:00 DEBUG 12356 --- [main] org.apache.ibatis.logging.LogFactory     : Logging initialized using 'class org.apache.ibatis.logging.slf4j.Slf4jImpl' adapter.
2025-07-07T19:29:53.201+09:00  INFO 12356 --- [main] o.s.b.w.embedded.tomcat.TomcatWebServer  : Tomcat initialized with port 8080 (http)
2025-07-07T19:29:53.218+09:00  INFO 12356 --- [main] o.apache.catalina.core.StandardService   : Starting service [Tomcat]
2025-07-07T19:29:53.219+09:00  INFO 12356 --- [main] o.apache.catalina.core.StandardEngine    : Starting Servlet engine: [Apache Tomcat/10.1.34]
2025-07-07T19:29:53.308+09:00  INFO 12356 --- [main] o.a.c.c.C.[Tomcat].[localhost].[/]       : Initializing Spring embedded WebApplicationContext
2025-07-07T19:29:53.309+09:00  INFO 12356 --- [main] w.s.c.ServletWebServerApplicationContext : Root WebApplicationContext: initialization completed in 2476 ms
2025-07-07T19:29:53.748+09:00  INFO 12356 --- [main] o.f.c.internal.license.VersionPrinter    : Flyway Community Edition 9.8.1 by Redgate
2025-07-07T19:29:53.749+09:00  INFO 12356 --- [main] o.f.c.internal.license.VersionPrinter    : See what's new here: https://flywaydb.org/documentation/learnmore/releaseNotes#9.8.1
2025-07-07T19:29:53.749+09:00  INFO 12356 --- [main] o.f.c.internal.license.VersionPrinter    : 
2025-07-07T19:29:53.763+09:00  INFO 12356 --- [main] com.zaxxer.hikari.HikariDataSource       : HikariPool-1 - Starting...
2025-07-07T19:29:54.077+09:00  INFO 12356 --- [main] com.zaxxer.hikari.pool.HikariPool        : HikariPool-1 - Added connection com.mysql.cj.jdbc.ConnectionImpl@75e80a97
2025-07-07T19:29:54.081+09:00  INFO 12356 --- [main] com.zaxxer.hikari.HikariDataSource       : HikariPool-1 - Start completed.
2025-07-07T19:29:54.130+09:00  INFO 12356 --- [main] o.f.c.i.database.base.BaseDatabaseType   : Database: jdbc:mysql://localhost:3307/coupon-con (MySQL 8.0)
2025-07-07T19:29:54.532+09:00  INFO 12356 --- [main] o.f.core.internal.command.DbValidate     : Successfully validated 5 migrations (execution time 00:00.085s)
2025-07-07T19:29:54.585+09:00  INFO 12356 --- [main] o.f.core.internal.command.DbMigrate      : Current version of schema `coupon-con`: 1.0.3
2025-07-07T19:29:54.587+09:00  INFO 12356 --- [main] o.f.core.internal.command.DbMigrate      : Schema `coupon-con` is up to date. No migration necessary.
2025-07-07T19:29:55.903+09:00  INFO 12356 --- [main] o.s.b.a.e.web.EndpointLinksResolver      : Exposing 17 endpoints beneath base path '/actuator'
2025-07-07T19:29:56.060+09:00  INFO 12356 --- [main] o.s.b.w.embedded.tomcat.TomcatWebServer  : Tomcat started on port 8080 (http) with context path '/'
2025-07-07T19:29:56.084+09:00  INFO 12356 --- [main] c.e.coupon_con.CouponConApplication      : Started CouponConApplication in 6.333 seconds (process running for 8.805)
2025-07-07T19:29:58.628+09:00  INFO 12356 --- [http-nio-8080-exec-1] o.a.c.c.C.[Tomcat].[localhost].[/]       : Initializing Spring DispatcherServlet 'dispatcherServlet'
2025-07-07T19:29:58.629+09:00  INFO 12356 --- [http-nio-8080-exec-1] o.s.web.servlet.DispatcherServlet        : Initializing Servlet 'dispatcherServlet'
2025-07-07T19:29:58.633+09:00  INFO 12356 --- [http-nio-8080-exec-1] o.s.web.servlet.DispatcherServlet        : Completed initialization in 3 ms
2025-07-07T19:30:41.761+09:00  INFO 12356 --- [http-nio-8080-exec-95] c.e.c.i.a.CouponPersistenceAdapter       : version : 0
2025-07-07T19:30:43.405+09:00  INFO 12356 --- [http-nio-8080-exec-101] c.e.c.i.a.CouponPersistenceAdapter       : version : 0
2025-07-07T19:30:43.566+09:00  INFO 12356 --- [http-nio-8080-exec-6] c.e.c.i.a.CouponPersistenceAdapter       : version : 0
2025-07-07T19:30:43.661+09:00  INFO 12356 --- [http-nio-8080-exec-13] c.e.c.i.a.CouponPersistenceAdapter       : version : 0
2025-07-07T19:30:44.246+09:00  INFO 12356 --- [http-nio-8080-exec-20] c.e.c.i.a.CouponPersistenceAdapter       : version : 0
2025-07-07T19:30:44.324+09:00  INFO 12356 --- [http-nio-8080-exec-18] c.e.c.i.a.CouponPersistenceAdapter       : version : 0
2025-07-07T19:30:44.352+09:00  INFO 12356 --- [http-nio-8080-exec-42] c.e.c.i.a.CouponPersistenceAdapter       : version : 0
2025-07-07T19:30:44.576+09:00  INFO 12356 --- [http-nio-8080-exec-67] c.e.c.i.a.CouponPersistenceAdapter       : version : 0
2025-07-07T19:30:44.664+09:00  INFO 12356 --- [http-nio-8080-exec-30] c.e.c.i.a.CouponPersistenceAdapter       : version : 0
2025-07-07T19:30:44.877+09:00  INFO 12356 --- [http-nio-8080-exec-41] c.e.c.i.a.CouponPersistenceAdapter       : version : 0
2025-07-07T19:30:45.007+09:00  INFO 12356 --- [http-nio-8080-exec-12] c.e.c.i.a.CouponPersistenceAdapter       : version : 0
2025-07-07T19:30:45.143+09:00  INFO 12356 --- [http-nio-8080-exec-135] c.e.c.i.a.CouponPersistenceAdapter       : version : 0
2025-07-07T19:30:45.173+09:00  INFO 12356 --- [http-nio-8080-exec-56] c.e.c.i.a.CouponPersistenceAdapter       : version : 0
2025-07-07T19:30:45.221+09:00  INFO 12356 --- [http-nio-8080-exec-47] c.e.c.i.a.CouponPersistenceAdapter       : version : 0
2025-07-07T19:30:45.340+09:00  INFO 12356 --- [http-nio-8080-exec-21] c.e.c.i.a.CouponPersistenceAdapter       : version : 0
2025-07-07T19:30:45.564+09:00  INFO 12356 --- [http-nio-8080-exec-2] c.e.c.i.a.CouponPersistenceAdapter       : version : 0
2025-07-07T19:30:45.797+09:00  INFO 12356 --- [http-nio-8080-exec-36] c.e.c.i.a.CouponPersistenceAdapter       : version : 0
2025-07-07T19:30:45.844+09:00  INFO 12356 --- [http-nio-8080-exec-4] c.e.c.i.a.CouponPersistenceAdapter       : version : 0
2025-07-07T19:30:46.084+09:00  INFO 12356 --- [http-nio-8080-exec-81] c.e.c.i.a.CouponPersistenceAdapter       : version : 0
2025-07-07T19:30:46.142+09:00  INFO 12356 --- [http-nio-8080-exec-61] c.e.c.i.a.CouponPersistenceAdapter       : version : 0
2025-07-07T19:30:46.225+09:00  INFO 12356 --- [http-nio-8080-exec-49] c.e.c.i.a.CouponPersistenceAdapter       : version : 0
2025-07-07T19:30:46.275+09:00  INFO 12356 --- [http-nio-8080-exec-51] c.e.c.i.a.CouponPersistenceAdapter       : version : 0
2025-07-07T19:30:46.317+09:00  INFO 12356 --- [http-nio-8080-exec-40] c.e.c.i.a.CouponPersistenceAdapter       : version : 0
2025-07-07T19:30:46.336+09:00  INFO 12356 --- [http-nio-8080-exec-5] c.e.c.i.a.CouponPersistenceAdapter       : version : 0
2025-07-07T19:30:46.501+09:00  INFO 12356 --- [http-nio-8080-exec-3] c.e.c.i.a.CouponPersistenceAdapter       : version : 0
2025-07-07T19:30:46.570+09:00  INFO 12356 --- [http-nio-8080-exec-100] c.e.c.i.a.CouponPersistenceAdapter       : version : 0
2025-07-07T19:30:46.604+09:00  INFO 12356 --- [http-nio-8080-exec-28] c.e.c.i.a.CouponPersistenceAdapter       : version : 0
2025-07-07T19:30:46.673+09:00  INFO 12356 --- [http-nio-8080-exec-55] c.e.c.i.a.CouponPersistenceAdapter       : version : 0
2025-07-07T19:30:46.782+09:00  INFO 12356 --- [http-nio-8080-exec-44] c.e.c.i.a.CouponPersistenceAdapter       : version : 0
2025-07-07T19:30:46.844+09:00  INFO 12356 --- [http-nio-8080-exec-96] c.e.c.i.a.CouponPersistenceAdapter       : version : 0
2025-07-07T19:30:46.877+09:00  INFO 12356 --- [http-nio-8080-exec-106] c.e.c.i.a.CouponPersistenceAdapter       : version : 0
2025-07-07T19:30:46.900+09:00  INFO 12356 --- [http-nio-8080-exec-39] c.e.c.i.a.CouponPersistenceAdapter       : version : 0
2025-07-07T19:30:46.982+09:00  INFO 12356 --- [http-nio-8080-exec-38] c.e.c.i.a.CouponPersistenceAdapter       : version : 0
2025-07-07T19:30:47.131+09:00  INFO 12356 --- [http-nio-8080-exec-1] c.e.c.i.a.CouponPersistenceAdapter       : version : 0
2025-07-07T19:30:47.150+09:00  INFO 12356 --- [http-nio-8080-exec-34] c.e.c.i.a.CouponPersistenceAdapter       : version : 0
2025-07-07T19:30:47.282+09:00  INFO 12356 --- [http-nio-8080-exec-53] c.e.c.i.a.CouponPersistenceAdapter       : version : 0
2025-07-07T19:30:47.514+09:00  INFO 12356 --- [http-nio-8080-exec-87] c.e.c.i.a.CouponPersistenceAdapter       : version : 0
2025-07-07T19:30:47.599+09:00  INFO 12356 --- [http-nio-8080-exec-107] c.e.c.i.a.CouponPersistenceAdapter       : version : 0
2025-07-07T19:30:47.701+09:00  INFO 12356 --- [http-nio-8080-exec-33] c.e.c.i.a.CouponPersistenceAdapter       : version : 0
2025-07-07T19:30:47.751+09:00  INFO 12356 --- [http-nio-8080-exec-50] c.e.c.i.a.CouponPersistenceAdapter       : version : 0
2025-07-07T19:30:47.807+09:00  INFO 12356 --- [http-nio-8080-exec-7] c.e.c.i.a.CouponPersistenceAdapter       : version : 0
2025-07-07T19:30:47.842+09:00  INFO 12356 --- [http-nio-8080-exec-14] c.e.c.i.a.CouponPersistenceAdapter       : version : 0
2025-07-07T19:30:47.900+09:00  INFO 12356 --- [http-nio-8080-exec-54] c.e.c.i.a.CouponPersistenceAdapter       : version : 0
2025-07-07T19:30:47.998+09:00  INFO 12356 --- [http-nio-8080-exec-29] c.e.c.i.a.CouponPersistenceAdapter       : version : 0
2025-07-07T19:30:48.026+09:00  INFO 12356 --- [http-nio-8080-exec-22] c.e.c.i.a.CouponPersistenceAdapter       : version : 0
2025-07-07T19:30:48.078+09:00  INFO 12356 --- [http-nio-8080-exec-144] c.e.c.i.a.CouponPersistenceAdapter       : version : 0
2025-07-07T19:30:48.105+09:00  INFO 12356 --- [http-nio-8080-exec-24] c.e.c.i.a.CouponPersistenceAdapter       : version : 0
2025-07-07T19:30:48.218+09:00  INFO 12356 --- [http-nio-8080-exec-15] c.e.c.i.a.CouponPersistenceAdapter       : version : 0
2025-07-07T19:30:48.287+09:00  INFO 12356 --- [http-nio-8080-exec-166] c.e.c.i.a.CouponPersistenceAdapter       : version : 0
2025-07-07T19:30:48.513+09:00  INFO 12356 --- [http-nio-8080-exec-93] c.e.c.i.a.CouponPersistenceAdapter       : version : 0
2025-07-07T19:30:48.558+09:00  INFO 12356 --- [http-nio-8080-exec-32] c.e.c.i.a.CouponPersistenceAdapter       : version : 0
2025-07-07T19:30:48.607+09:00  INFO 12356 --- [http-nio-8080-exec-136] c.e.c.i.a.CouponPersistenceAdapter       : version : 0
2025-07-07T19:30:48.776+09:00  INFO 12356 --- [http-nio-8080-exec-70] c.e.c.i.a.CouponPersistenceAdapter       : version : 0
2025-07-07T19:30:48.891+09:00  INFO 12356 --- [http-nio-8080-exec-19] c.e.c.i.a.CouponPersistenceAdapter       : version : 0
2025-07-07T19:30:48.963+09:00  INFO 12356 --- [http-nio-8080-exec-71] c.e.c.i.a.CouponPersistenceAdapter       : version : 0
2025-07-07T19:30:49.043+09:00  INFO 12356 --- [http-nio-8080-exec-10] c.e.c.i.a.CouponPersistenceAdapter       : version : 0
2025-07-07T19:30:49.165+09:00  INFO 12356 --- [http-nio-8080-exec-43] c.e.c.i.a.CouponPersistenceAdapter       : version : 0
2025-07-07T19:30:49.228+09:00  INFO 12356 --- [http-nio-8080-exec-147] c.e.c.i.a.CouponPersistenceAdapter       : version : 0
2025-07-07T19:30:49.257+09:00  INFO 12356 --- [http-nio-8080-exec-131] c.e.c.i.a.CouponPersistenceAdapter       : version : 0
2025-07-07T19:30:49.308+09:00  INFO 12356 --- [http-nio-8080-exec-104] c.e.c.i.a.CouponPersistenceAdapter       : version : 0
2025-07-07T19:30:49.337+09:00  INFO 12356 --- [http-nio-8080-exec-37] c.e.c.i.a.CouponPersistenceAdapter       : version : 0
2025-07-07T19:30:49.442+09:00  INFO 12356 --- [http-nio-8080-exec-80] c.e.c.i.a.CouponPersistenceAdapter       : version : 0
2025-07-07T19:30:49.626+09:00  INFO 12356 --- [http-nio-8080-exec-102] c.e.c.i.a.CouponPersistenceAdapter       : version : 0
2025-07-07T19:30:49.680+09:00  INFO 12356 --- [http-nio-8080-exec-16] c.e.c.i.a.CouponPersistenceAdapter       : version : 0
2025-07-07T19:30:49.716+09:00  INFO 12356 --- [http-nio-8080-exec-66] c.e.c.i.a.CouponPersistenceAdapter       : version : 0
2025-07-07T19:30:49.742+09:00  INFO 12356 --- [http-nio-8080-exec-92] c.e.c.i.a.CouponPersistenceAdapter       : version : 0
2025-07-07T19:30:49.996+09:00  INFO 12356 --- [http-nio-8080-exec-138] c.e.c.i.a.CouponPersistenceAdapter       : version : 0
2025-07-07T19:30:50.103+09:00  INFO 12356 --- [http-nio-8080-exec-59] c.e.c.i.a.CouponPersistenceAdapter       : version : 0
2025-07-07T19:30:50.186+09:00  INFO 12356 --- [http-nio-8080-exec-122] c.e.c.i.a.CouponPersistenceAdapter       : version : 0
2025-07-07T19:30:50.240+09:00  INFO 12356 --- [http-nio-8080-exec-177] c.e.c.i.a.CouponPersistenceAdapter       : version : 0
2025-07-07T19:30:50.266+09:00  INFO 12356 --- [http-nio-8080-exec-52] c.e.c.i.a.CouponPersistenceAdapter       : version : 0
2025-07-07T19:30:50.348+09:00  INFO 12356 --- [http-nio-8080-exec-69] c.e.c.i.a.CouponPersistenceAdapter       : version : 0
2025-07-07T19:30:50.510+09:00  INFO 12356 --- [http-nio-8080-exec-27] c.e.c.i.a.CouponPersistenceAdapter       : version : 0
2025-07-07T19:30:50.554+09:00  INFO 12356 --- [http-nio-8080-exec-78] c.e.c.i.a.CouponPersistenceAdapter       : version : 0
2025-07-07T19:30:50.637+09:00  INFO 12356 --- [http-nio-8080-exec-63] c.e.c.i.a.CouponPersistenceAdapter       : version : 0
2025-07-07T19:30:50.680+09:00  INFO 12356 --- [http-nio-8080-exec-149] c.e.c.i.a.CouponPersistenceAdapter       : version : 0
2025-07-07T19:30:50.755+09:00  INFO 12356 --- [http-nio-8080-exec-153] c.e.c.i.a.CouponPersistenceAdapter       : version : 0
2025-07-07T19:30:50.814+09:00  INFO 12356 --- [http-nio-8080-exec-65] c.e.c.i.a.CouponPersistenceAdapter       : version : 0
2025-07-07T19:30:50.839+09:00  INFO 12356 --- [http-nio-8080-exec-64] c.e.c.i.a.CouponPersistenceAdapter       : version : 0
2025-07-07T19:30:50.859+09:00  INFO 12356 --- [http-nio-8080-exec-125] c.e.c.i.a.CouponPersistenceAdapter       : version : 0
2025-07-07T19:30:50.995+09:00  INFO 12356 --- [http-nio-8080-exec-77] c.e.c.i.a.CouponPersistenceAdapter       : version : 0
2025-07-07T19:30:51.013+09:00  INFO 12356 --- [http-nio-8080-exec-140] c.e.c.i.a.CouponPersistenceAdapter       : version : 0
2025-07-07T19:30:51.036+09:00  INFO 12356 --- [http-nio-8080-exec-145] c.e.c.i.a.CouponPersistenceAdapter       : version : 0
2025-07-07T19:30:51.059+09:00  INFO 12356 --- [http-nio-8080-exec-169] c.e.c.i.a.CouponPersistenceAdapter       : version : 0
2025-07-07T19:30:51.074+09:00  INFO 12356 --- [http-nio-8080-exec-190] c.e.c.i.a.CouponPersistenceAdapter       : version : 0
2025-07-07T19:30:51.099+09:00  INFO 12356 --- [http-nio-8080-exec-155] c.e.c.i.a.CouponPersistenceAdapter       : version : 0
2025-07-07T19:30:51.114+09:00  INFO 12356 --- [http-nio-8080-exec-198] c.e.c.i.a.CouponPersistenceAdapter       : version : 0
2025-07-07T19:30:51.142+09:00  INFO 12356 --- [http-nio-8080-exec-91] c.e.c.i.a.CouponPersistenceAdapter       : version : 0
2025-07-07T19:30:51.180+09:00  INFO 12356 --- [http-nio-8080-exec-185] c.e.c.i.a.CouponPersistenceAdapter       : version : 0
2025-07-07T19:30:51.306+09:00  INFO 12356 --- [http-nio-8080-exec-123] c.e.c.i.a.CouponPersistenceAdapter       : version : 0
2025-07-07T19:30:51.606+09:00  INFO 12356 --- [http-nio-8080-exec-176] c.e.c.i.a.CouponPersistenceAdapter       : version : 0
2025-07-07T19:30:51.721+09:00  INFO 12356 --- [http-nio-8080-exec-25] c.e.c.i.a.CouponPersistenceAdapter       : version : 0
2025-07-07T19:30:51.757+09:00  INFO 12356 --- [http-nio-8080-exec-195] c.e.c.i.a.CouponPersistenceAdapter       : version : 0
2025-07-07T19:30:51.788+09:00  INFO 12356 --- [http-nio-8080-exec-184] c.e.c.i.a.CouponPersistenceAdapter       : version : 0
2025-07-07T19:30:51.818+09:00  INFO 12356 --- [http-nio-8080-exec-173] c.e.c.i.a.CouponPersistenceAdapter       : version : 0
2025-07-07T19:30:51.838+09:00  INFO 12356 --- [http-nio-8080-exec-88] c.e.c.i.a.CouponPersistenceAdapter       : version : 0
2025-07-07T19:30:51.854+09:00  INFO 12356 --- [http-nio-8080-exec-108] c.e.c.i.a.CouponPersistenceAdapter       : version : 0
2025-07-07T19:30:51.880+09:00  INFO 12356 --- [http-nio-8080-exec-116] c.e.c.i.a.CouponPersistenceAdapter       : version : 0
2025-07-07T19:30:51.903+09:00  INFO 12356 --- [http-nio-8080-exec-174] c.e.c.i.a.CouponPersistenceAdapter       : version : 0
2025-07-07T19:30:51.953+09:00  INFO 12356 --- [http-nio-8080-exec-126] c.e.c.i.a.CouponPersistenceAdapter       : version : 0
2025-07-07T19:30:52.024+09:00  INFO 12356 --- [http-nio-8080-exec-121] c.e.c.i.a.CouponPersistenceAdapter       : version : 0
2025-07-07T19:30:52.057+09:00  INFO 12356 --- [http-nio-8080-exec-46] c.e.c.i.a.CouponPersistenceAdapter       : version : 0
2025-07-07T19:30:52.088+09:00  INFO 12356 --- [http-nio-8080-exec-74] c.e.c.i.a.CouponPersistenceAdapter       : version : 0
2025-07-07T19:30:52.128+09:00  INFO 12356 --- [http-nio-8080-exec-199] c.e.c.i.a.CouponPersistenceAdapter       : version : 0
2025-07-07T19:30:52.166+09:00  INFO 12356 --- [http-nio-8080-exec-189] c.e.c.i.a.CouponPersistenceAdapter       : version : 0
2025-07-07T19:30:52.191+09:00  INFO 12356 --- [http-nio-8080-exec-103] c.e.c.i.a.CouponPersistenceAdapter       : version : 0
2025-07-07T19:30:52.218+09:00  INFO 12356 --- [http-nio-8080-exec-154] c.e.c.i.a.CouponPersistenceAdapter       : version : 0
2025-07-07T19:30:52.250+09:00  INFO 12356 --- [http-nio-8080-exec-141] c.e.c.i.a.CouponPersistenceAdapter       : version : 0
2025-07-07T19:30:52.272+09:00  INFO 12356 --- [http-nio-8080-exec-180] c.e.c.i.a.CouponPersistenceAdapter       : version : 0
2025-07-07T19:30:52.339+09:00  INFO 12356 --- [http-nio-8080-exec-75] c.e.c.i.a.CouponPersistenceAdapter       : version : 0
2025-07-07T19:30:52.395+09:00  INFO 12356 --- [http-nio-8080-exec-86] c.e.c.i.a.CouponPersistenceAdapter       : version : 0
2025-07-07T19:30:52.572+09:00  INFO 12356 --- [http-nio-8080-exec-127] c.e.c.i.a.CouponPersistenceAdapter       : version : 0
2025-07-07T19:30:52.852+09:00  INFO 12356 --- [http-nio-8080-exec-112] c.e.c.i.a.CouponPersistenceAdapter       : version : 0
2025-07-07T19:30:52.909+09:00  INFO 12356 --- [http-nio-8080-exec-142] c.e.c.i.a.CouponPersistenceAdapter       : version : 0
2025-07-07T19:30:53.000+09:00  INFO 12356 --- [http-nio-8080-exec-150] c.e.c.i.a.CouponPersistenceAdapter       : version : 0
2025-07-07T19:30:53.049+09:00  INFO 12356 --- [http-nio-8080-exec-165] c.e.c.i.a.CouponPersistenceAdapter       : version : 0
2025-07-07T19:30:53.076+09:00  INFO 12356 --- [http-nio-8080-exec-45] c.e.c.i.a.CouponPersistenceAdapter       : version : 0
2025-07-07T19:30:53.138+09:00  INFO 12356 --- [http-nio-8080-exec-8] c.e.c.i.a.CouponPersistenceAdapter       : version : 0
2025-07-07T19:30:53.160+09:00  INFO 12356 --- [http-nio-8080-exec-179] c.e.c.i.a.CouponPersistenceAdapter       : version : 0
2025-07-07T19:30:53.207+09:00  INFO 12356 --- [http-nio-8080-exec-186] c.e.c.i.a.CouponPersistenceAdapter       : version : 0
2025-07-07T19:30:53.223+09:00  INFO 12356 --- [http-nio-8080-exec-83] c.e.c.i.a.CouponPersistenceAdapter       : version : 0
2025-07-07T19:30:53.248+09:00  INFO 12356 --- [http-nio-8080-exec-99] c.e.c.i.a.CouponPersistenceAdapter       : version : 0
2025-07-07T19:30:53.270+09:00  INFO 12356 --- [http-nio-8080-exec-188] c.e.c.i.a.CouponPersistenceAdapter       : version : 0
2025-07-07T19:30:53.299+09:00  INFO 12356 --- [http-nio-8080-exec-94] c.e.c.i.a.CouponPersistenceAdapter       : version : 0
2025-07-07T19:30:53.366+09:00  INFO 12356 --- [http-nio-8080-exec-58] c.e.c.i.a.CouponPersistenceAdapter       : version : 0
2025-07-07T19:30:53.392+09:00  INFO 12356 --- [http-nio-8080-exec-196] c.e.c.i.a.CouponPersistenceAdapter       : version : 0
2025-07-07T19:30:53.422+09:00  INFO 12356 --- [http-nio-8080-exec-167] c.e.c.i.a.CouponPersistenceAdapter       : version : 0
2025-07-07T19:30:53.452+09:00  INFO 12356 --- [http-nio-8080-exec-148] c.e.c.i.a.CouponPersistenceAdapter       : version : 0
2025-07-07T19:30:53.476+09:00  INFO 12356 --- [http-nio-8080-exec-139] c.e.c.i.a.CouponPersistenceAdapter       : version : 0
2025-07-07T19:30:53.592+09:00  INFO 12356 --- [http-nio-8080-exec-76] c.e.c.i.a.CouponPersistenceAdapter       : version : 0
2025-07-07T19:30:53.669+09:00  INFO 12356 --- [http-nio-8080-exec-111] c.e.c.i.a.CouponPersistenceAdapter       : version : 0
2025-07-07T19:30:53.738+09:00  INFO 12356 --- [http-nio-8080-exec-97] c.e.c.i.a.CouponPersistenceAdapter       : version : 0
2025-07-07T19:30:53.789+09:00  INFO 12356 --- [http-nio-8080-exec-115] c.e.c.i.a.CouponPersistenceAdapter       : version : 0
2025-07-07T19:30:53.851+09:00  INFO 12356 --- [http-nio-8080-exec-23] c.e.c.i.a.CouponPersistenceAdapter       : version : 0
2025-07-07T19:30:53.982+09:00  INFO 12356 --- [http-nio-8080-exec-162] c.e.c.i.a.CouponPersistenceAdapter       : version : 0
2025-07-07T19:30:54.017+09:00  INFO 12356 --- [http-nio-8080-exec-98] c.e.c.i.a.CouponPersistenceAdapter       : version : 0
2025-07-07T19:30:54.051+09:00  INFO 12356 --- [http-nio-8080-exec-128] c.e.c.i.a.CouponPersistenceAdapter       : version : 0
2025-07-07T19:30:54.106+09:00  INFO 12356 --- [http-nio-8080-exec-57] c.e.c.i.a.CouponPersistenceAdapter       : version : 0
2025-07-07T19:30:54.130+09:00  INFO 12356 --- [http-nio-8080-exec-60] c.e.c.i.a.CouponPersistenceAdapter       : version : 0
2025-07-07T19:30:54.209+09:00  INFO 12356 --- [http-nio-8080-exec-133] c.e.c.i.a.CouponPersistenceAdapter       : version : 0
2025-07-07T19:30:54.265+09:00  INFO 12356 --- [http-nio-8080-exec-156] c.e.c.i.a.CouponPersistenceAdapter       : version : 0
2025-07-07T19:30:54.320+09:00  INFO 12356 --- [http-nio-8080-exec-82] c.e.c.i.a.CouponPersistenceAdapter       : version : 0
2025-07-07T19:30:54.345+09:00  INFO 12356 --- [http-nio-8080-exec-84] c.e.c.i.a.CouponPersistenceAdapter       : version : 0
2025-07-07T19:30:54.379+09:00  INFO 12356 --- [http-nio-8080-exec-152] c.e.c.i.a.CouponPersistenceAdapter       : version : 0
2025-07-07T19:30:54.410+09:00  INFO 12356 --- [http-nio-8080-exec-181] c.e.c.i.a.CouponPersistenceAdapter       : version : 0
2025-07-07T19:30:54.445+09:00  INFO 12356 --- [http-nio-8080-exec-168] c.e.c.i.a.CouponPersistenceAdapter       : version : 0
2025-07-07T19:30:54.473+09:00  INFO 12356 --- [http-nio-8080-exec-171] c.e.c.i.a.CouponPersistenceAdapter       : version : 0
2025-07-07T19:30:54.499+09:00  INFO 12356 --- [http-nio-8080-exec-137] c.e.c.i.a.CouponPersistenceAdapter       : version : 0
2025-07-07T19:30:54.531+09:00  INFO 12356 --- [http-nio-8080-exec-146] c.e.c.i.a.CouponPersistenceAdapter       : version : 0
2025-07-07T19:30:54.704+09:00  INFO 12356 --- [http-nio-8080-exec-35] c.e.c.i.a.CouponPersistenceAdapter       : version : 0
2025-07-07T19:30:54.757+09:00  INFO 12356 --- [http-nio-8080-exec-183] c.e.c.i.a.CouponPersistenceAdapter       : version : 0
2025-07-07T19:30:54.791+09:00  INFO 12356 --- [http-nio-8080-exec-72] c.e.c.i.a.CouponPersistenceAdapter       : version : 0
2025-07-07T19:30:54.842+09:00  INFO 12356 --- [http-nio-8080-exec-134] c.e.c.i.a.CouponPersistenceAdapter       : version : 0
2025-07-07T19:30:54.865+09:00  INFO 12356 --- [http-nio-8080-exec-159] c.e.c.i.a.CouponPersistenceAdapter       : version : 0
2025-07-07T19:30:54.893+09:00  INFO 12356 --- [http-nio-8080-exec-119] c.e.c.i.a.CouponPersistenceAdapter       : version : 0
2025-07-07T19:30:54.925+09:00  INFO 12356 --- [http-nio-8080-exec-48] c.e.c.i.a.CouponPersistenceAdapter       : version : 0
2025-07-07T19:30:54.970+09:00  INFO 12356 --- [http-nio-8080-exec-172] c.e.c.i.a.CouponPersistenceAdapter       : version : 0
2025-07-07T19:30:55.010+09:00  INFO 12356 --- [http-nio-8080-exec-68] c.e.c.i.a.CouponPersistenceAdapter       : version : 0
2025-07-07T19:30:55.081+09:00  INFO 12356 --- [http-nio-8080-exec-163] c.e.c.i.a.CouponPersistenceAdapter       : version : 0
2025-07-07T19:30:55.140+09:00  INFO 12356 --- [http-nio-8080-exec-105] c.e.c.i.a.CouponPersistenceAdapter       : version : 0
2025-07-07T19:30:55.256+09:00  INFO 12356 --- [http-nio-8080-exec-9] c.e.c.i.a.CouponPersistenceAdapter       : version : 0
2025-07-07T19:30:55.508+09:00  INFO 12356 --- [http-nio-8080-exec-158] c.e.c.i.a.CouponPersistenceAdapter       : version : 0
2025-07-07T19:30:55.598+09:00  INFO 12356 --- [http-nio-8080-exec-132] c.e.c.i.a.CouponPersistenceAdapter       : version : 0
2025-07-07T19:30:55.645+09:00  INFO 12356 --- [http-nio-8080-exec-120] c.e.c.i.a.CouponPersistenceAdapter       : version : 0
2025-07-07T19:30:55.685+09:00  INFO 12356 --- [http-nio-8080-exec-160] c.e.c.i.a.CouponPersistenceAdapter       : version : 0
2025-07-07T19:30:55.734+09:00  INFO 12356 --- [http-nio-8080-exec-130] c.e.c.i.a.CouponPersistenceAdapter       : version : 0
2025-07-07T19:30:55.822+09:00  INFO 12356 --- [http-nio-8080-exec-17] c.e.c.i.a.CouponPersistenceAdapter       : version : 0
2025-07-07T19:30:55.883+09:00  INFO 12356 --- [http-nio-8080-exec-197] c.e.c.i.a.CouponPersistenceAdapter       : version : 0
2025-07-07T19:30:55.930+09:00  INFO 12356 --- [http-nio-8080-exec-26] c.e.c.i.a.CouponPersistenceAdapter       : version : 0
2025-07-07T19:30:56.010+09:00  INFO 12356 --- [http-nio-8080-exec-79] c.e.c.i.a.CouponPersistenceAdapter       : version : 0
2025-07-07T19:30:56.035+09:00  INFO 12356 --- [http-nio-8080-exec-178] c.e.c.i.a.CouponPersistenceAdapter       : version : 0
2025-07-07T19:30:56.057+09:00  INFO 12356 --- [http-nio-8080-exec-117] c.e.c.i.a.CouponPersistenceAdapter       : version : 0
2025-07-07T19:30:56.077+09:00  INFO 12356 --- [http-nio-8080-exec-109] c.e.c.i.a.CouponPersistenceAdapter       : version : 0
2025-07-07T19:30:56.100+09:00  INFO 12356 --- [http-nio-8080-exec-161] c.e.c.i.a.CouponPersistenceAdapter       : version : 0
2025-07-07T19:30:56.129+09:00  INFO 12356 --- [http-nio-8080-exec-187] c.e.c.i.a.CouponPersistenceAdapter       : version : 0
2025-07-07T19:30:56.163+09:00  INFO 12356 --- [http-nio-8080-exec-90] c.e.c.i.a.CouponPersistenceAdapter       : version : 0
2025-07-07T19:30:56.178+09:00  INFO 12356 --- [http-nio-8080-exec-85] c.e.c.i.a.CouponPersistenceAdapter       : version : 0
2025-07-07T19:30:56.195+09:00  INFO 12356 --- [http-nio-8080-exec-62] c.e.c.i.a.CouponPersistenceAdapter       : version : 0
2025-07-07T19:30:56.218+09:00  INFO 12356 --- [http-nio-8080-exec-182] c.e.c.i.a.CouponPersistenceAdapter       : version : 0
2025-07-07T19:30:56.269+09:00  INFO 12356 --- [http-nio-8080-exec-143] c.e.c.i.a.CouponPersistenceAdapter       : version : 0
2025-07-07T19:30:56.324+09:00  INFO 12356 --- [http-nio-8080-exec-11] c.e.c.i.a.CouponPersistenceAdapter       : version : 0
2025-07-07T19:30:56.352+09:00  INFO 12356 --- [http-nio-8080-exec-157] c.e.c.i.a.CouponPersistenceAdapter       : version : 0
2025-07-07T19:30:56.376+09:00  INFO 12356 --- [http-nio-8080-exec-151] c.e.c.i.a.CouponPersistenceAdapter       : version : 0
2025-07-07T19:30:56.394+09:00  INFO 12356 --- [http-nio-8080-exec-31] c.e.c.i.a.CouponPersistenceAdapter       : version : 0
2025-07-07T19:30:56.420+09:00  INFO 12356 --- [http-nio-8080-exec-194] c.e.c.i.a.CouponPersistenceAdapter       : version : 0
2025-07-07T19:30:56.450+09:00  INFO 12356 --- [http-nio-8080-exec-192] c.e.c.i.a.CouponPersistenceAdapter       : version : 0
2025-07-07T19:30:56.470+09:00  INFO 12356 --- [http-nio-8080-exec-114] c.e.c.i.a.CouponPersistenceAdapter       : version : 0
2025-07-07T19:30:56.521+09:00  INFO 12356 --- [http-nio-8080-exec-191] c.e.c.i.a.CouponPersistenceAdapter       : version : 0
2025-07-07T19:30:56.539+09:00  INFO 12356 --- [http-nio-8080-exec-129] c.e.c.i.a.CouponPersistenceAdapter       : version : 0
2025-07-07T19:30:56.555+09:00  INFO 12356 --- [http-nio-8080-exec-118] c.e.c.i.a.CouponPersistenceAdapter       : version : 0
2025-07-07T19:30:56.594+09:00  INFO 12356 --- [http-nio-8080-exec-170] c.e.c.i.a.CouponPersistenceAdapter       : version : 0
2025-07-07T19:30:56.616+09:00  INFO 12356 --- [http-nio-8080-exec-175] c.e.c.i.a.CouponPersistenceAdapter       : version : 0
2025-07-07T19:30:56.653+09:00  INFO 12356 --- [http-nio-8080-exec-89] c.e.c.i.a.CouponPersistenceAdapter       : version : 0
2025-07-07T19:30:56.679+09:00  INFO 12356 --- [http-nio-8080-exec-73] c.e.c.i.a.CouponPersistenceAdapter       : version : 0
2025-07-07T19:30:56.695+09:00  INFO 12356 --- [http-nio-8080-exec-110] c.e.c.i.a.CouponPersistenceAdapter       : version : 0
2025-07-07T19:30:56.713+09:00  INFO 12356 --- [http-nio-8080-exec-200] c.e.c.i.a.CouponPersistenceAdapter       : version : 0
2025-07-07T19:30:56.738+09:00  INFO 12356 --- [http-nio-8080-exec-193] c.e.c.i.a.CouponPersistenceAdapter       : version : 0
2025-07-07T19:30:56.762+09:00  INFO 12356 --- [http-nio-8080-exec-124] c.e.c.i.a.CouponPersistenceAdapter       : version : 0
2025-07-07T19:30:56.784+09:00  INFO 12356 --- [http-nio-8080-exec-164] c.e.c.i.a.CouponPersistenceAdapter       : version : 0
2025-07-07T19:30:56.814+09:00  INFO 12356 --- [http-nio-8080-exec-113] c.e.c.i.a.CouponPersistenceAdapter       : version : 0
2025-07-07T19:30:56.837+09:00  INFO 12356 --- [http-nio-8080-exec-6] c.e.c.i.a.CouponPersistenceAdapter       : version : 1
2025-07-07T19:30:56.851+09:00  INFO 12356 --- [http-nio-8080-exec-101] c.e.c.i.a.CouponPersistenceAdapter       : version : 1
2025-07-07T19:30:56.887+09:00  INFO 12356 --- [http-nio-8080-exec-13] c.e.c.i.a.CouponPersistenceAdapter       : version : 1
2025-07-07T19:30:56.905+09:00  INFO 12356 --- [http-nio-8080-exec-20] c.e.c.i.a.CouponPersistenceAdapter       : version : 1
2025-07-07T19:30:56.920+09:00  INFO 12356 --- [http-nio-8080-exec-95] c.e.c.i.a.CouponPersistenceAdapter       : version : 1
2025-07-07T19:30:56.949+09:00  INFO 12356 --- [http-nio-8080-exec-18] c.e.c.i.a.CouponPersistenceAdapter       : version : 1
2025-07-07T19:30:56.970+09:00  INFO 12356 --- [http-nio-8080-exec-42] c.e.c.i.a.CouponPersistenceAdapter       : version : 1
2025-07-07T19:30:56.981+09:00  INFO 12356 --- [http-nio-8080-exec-67] c.e.c.i.a.CouponPersistenceAdapter       : version : 1
2025-07-07T19:30:57.006+09:00  INFO 12356 --- [http-nio-8080-exec-30] c.e.c.i.a.CouponPersistenceAdapter       : version : 1
2025-07-07T19:30:57.024+09:00  INFO 12356 --- [http-nio-8080-exec-41] c.e.c.i.a.CouponPersistenceAdapter       : version : 1
2025-07-07T19:30:57.040+09:00  INFO 12356 --- [http-nio-8080-exec-12] c.e.c.i.a.CouponPersistenceAdapter       : version : 1
2025-07-07T19:30:57.063+09:00  INFO 12356 --- [http-nio-8080-exec-135] c.e.c.i.a.CouponPersistenceAdapter       : version : 1
2025-07-07T19:30:57.086+09:00  INFO 12356 --- [http-nio-8080-exec-56] c.e.c.i.a.CouponPersistenceAdapter       : version : 1
2025-07-07T19:30:57.145+09:00  INFO 12356 --- [http-nio-8080-exec-47] c.e.c.i.a.CouponPersistenceAdapter       : version : 1
2025-07-07T19:30:57.176+09:00  INFO 12356 --- [http-nio-8080-exec-21] c.e.c.i.a.CouponPersistenceAdapter       : version : 1
2025-07-07T19:30:57.189+09:00  INFO 12356 --- [http-nio-8080-exec-2] c.e.c.i.a.CouponPersistenceAdapter       : version : 1
2025-07-07T19:30:57.212+09:00  INFO 12356 --- [http-nio-8080-exec-36] c.e.c.i.a.CouponPersistenceAdapter       : version : 1
2025-07-07T19:30:57.228+09:00  INFO 12356 --- [http-nio-8080-exec-4] c.e.c.i.a.CouponPersistenceAdapter       : version : 1
2025-07-07T19:30:57.244+09:00  INFO 12356 --- [http-nio-8080-exec-81] c.e.c.i.a.CouponPersistenceAdapter       : version : 1
2025-07-07T19:30:57.259+09:00  INFO 12356 --- [http-nio-8080-exec-61] c.e.c.i.a.CouponPersistenceAdapter       : version : 1
2025-07-07T19:30:57.275+09:00  INFO 12356 --- [http-nio-8080-exec-49] c.e.c.i.a.CouponPersistenceAdapter       : version : 1
2025-07-07T19:30:57.296+09:00  INFO 12356 --- [http-nio-8080-exec-51] c.e.c.i.a.CouponPersistenceAdapter       : version : 1
2025-07-07T19:30:57.307+09:00  INFO 12356 --- [http-nio-8080-exec-40] c.e.c.i.a.CouponPersistenceAdapter       : version : 1
2025-07-07T19:30:57.329+09:00  INFO 12356 --- [http-nio-8080-exec-5] c.e.c.i.a.CouponPersistenceAdapter       : version : 1
2025-07-07T19:30:57.351+09:00  INFO 12356 --- [http-nio-8080-exec-3] c.e.c.i.a.CouponPersistenceAdapter       : version : 1
2025-07-07T19:30:57.368+09:00  INFO 12356 --- [http-nio-8080-exec-100] c.e.c.i.a.CouponPersistenceAdapter       : version : 1
2025-07-07T19:30:57.401+09:00  INFO 12356 --- [http-nio-8080-exec-28] c.e.c.i.a.CouponPersistenceAdapter       : version : 1
2025-07-07T19:30:57.413+09:00  INFO 12356 --- [http-nio-8080-exec-55] c.e.c.i.a.CouponPersistenceAdapter       : version : 1
2025-07-07T19:30:57.429+09:00  INFO 12356 --- [http-nio-8080-exec-44] c.e.c.i.a.CouponPersistenceAdapter       : version : 1
2025-07-07T19:30:57.448+09:00  INFO 12356 --- [http-nio-8080-exec-96] c.e.c.i.a.CouponPersistenceAdapter       : version : 1
2025-07-07T19:30:57.470+09:00  INFO 12356 --- [http-nio-8080-exec-106] c.e.c.i.a.CouponPersistenceAdapter       : version : 1
2025-07-07T19:30:57.485+09:00  INFO 12356 --- [http-nio-8080-exec-39] c.e.c.i.a.CouponPersistenceAdapter       : version : 1
2025-07-07T19:30:57.502+09:00  INFO 12356 --- [http-nio-8080-exec-38] c.e.c.i.a.CouponPersistenceAdapter       : version : 1
2025-07-07T19:30:57.524+09:00  INFO 12356 --- [http-nio-8080-exec-1] c.e.c.i.a.CouponPersistenceAdapter       : version : 1
2025-07-07T19:30:57.540+09:00  INFO 12356 --- [http-nio-8080-exec-34] c.e.c.i.a.CouponPersistenceAdapter       : version : 1
2025-07-07T19:30:57.555+09:00  INFO 12356 --- [http-nio-8080-exec-53] c.e.c.i.a.CouponPersistenceAdapter       : version : 1
2025-07-07T19:30:57.678+09:00  INFO 12356 --- [http-nio-8080-exec-87] c.e.c.i.a.CouponPersistenceAdapter       : version : 1
2025-07-07T19:30:57.696+09:00  INFO 12356 --- [http-nio-8080-exec-107] c.e.c.i.a.CouponPersistenceAdapter       : version : 1
2025-07-07T19:30:57.712+09:00  INFO 12356 --- [http-nio-8080-exec-33] c.e.c.i.a.CouponPersistenceAdapter       : version : 1
2025-07-07T19:30:57.739+09:00  INFO 12356 --- [http-nio-8080-exec-50] c.e.c.i.a.CouponPersistenceAdapter       : version : 1
2025-07-07T19:30:57.764+09:00  INFO 12356 --- [http-nio-8080-exec-7] c.e.c.i.a.CouponPersistenceAdapter       : version : 1
2025-07-07T19:30:57.775+09:00  INFO 12356 --- [http-nio-8080-exec-14] c.e.c.i.a.CouponPersistenceAdapter       : version : 1
2025-07-07T19:30:57.789+09:00  INFO 12356 --- [http-nio-8080-exec-54] c.e.c.i.a.CouponPersistenceAdapter       : version : 1
2025-07-07T19:30:57.800+09:00  INFO 12356 --- [http-nio-8080-exec-29] c.e.c.i.a.CouponPersistenceAdapter       : version : 1
2025-07-07T19:30:57.818+09:00  INFO 12356 --- [http-nio-8080-exec-22] c.e.c.i.a.CouponPersistenceAdapter       : version : 1
2025-07-07T19:30:57.843+09:00  INFO 12356 --- [http-nio-8080-exec-144] c.e.c.i.a.CouponPersistenceAdapter       : version : 1
2025-07-07T19:30:57.876+09:00  INFO 12356 --- [http-nio-8080-exec-24] c.e.c.i.a.CouponPersistenceAdapter       : version : 1
2025-07-07T19:30:57.903+09:00  INFO 12356 --- [http-nio-8080-exec-15] c.e.c.i.a.CouponPersistenceAdapter       : version : 1
2025-07-07T19:30:57.932+09:00  INFO 12356 --- [http-nio-8080-exec-166] c.e.c.i.a.CouponPersistenceAdapter       : version : 1
2025-07-07T19:30:57.954+09:00  INFO 12356 --- [http-nio-8080-exec-93] c.e.c.i.a.CouponPersistenceAdapter       : version : 1
2025-07-07T19:30:57.972+09:00  INFO 12356 --- [http-nio-8080-exec-32] c.e.c.i.a.CouponPersistenceAdapter       : version : 1
2025-07-07T19:30:57.984+09:00  INFO 12356 --- [http-nio-8080-exec-136] c.e.c.i.a.CouponPersistenceAdapter       : version : 1
2025-07-07T19:30:58.002+09:00  INFO 12356 --- [http-nio-8080-exec-70] c.e.c.i.a.CouponPersistenceAdapter       : version : 1
2025-07-07T19:30:58.014+09:00  INFO 12356 --- [http-nio-8080-exec-19] c.e.c.i.a.CouponPersistenceAdapter       : version : 1
2025-07-07T19:30:58.025+09:00  INFO 12356 --- [http-nio-8080-exec-71] c.e.c.i.a.CouponPersistenceAdapter       : version : 1
2025-07-07T19:30:58.044+09:00  INFO 12356 --- [http-nio-8080-exec-10] c.e.c.i.a.CouponPersistenceAdapter       : version : 1
2025-07-07T19:30:58.060+09:00  INFO 12356 --- [http-nio-8080-exec-43] c.e.c.i.a.CouponPersistenceAdapter       : version : 1
2025-07-07T19:30:58.079+09:00  INFO 12356 --- [http-nio-8080-exec-147] c.e.c.i.a.CouponPersistenceAdapter       : version : 1
2025-07-07T19:30:58.102+09:00  INFO 12356 --- [http-nio-8080-exec-131] c.e.c.i.a.CouponPersistenceAdapter       : version : 1
2025-07-07T19:30:58.129+09:00  INFO 12356 --- [http-nio-8080-exec-104] c.e.c.i.a.CouponPersistenceAdapter       : version : 1
2025-07-07T19:30:58.143+09:00  INFO 12356 --- [http-nio-8080-exec-37] c.e.c.i.a.CouponPersistenceAdapter       : version : 1
2025-07-07T19:30:58.162+09:00  INFO 12356 --- [http-nio-8080-exec-80] c.e.c.i.a.CouponPersistenceAdapter       : version : 1
2025-07-07T19:30:58.176+09:00  INFO 12356 --- [http-nio-8080-exec-102] c.e.c.i.a.CouponPersistenceAdapter       : version : 1
2025-07-07T19:30:58.209+09:00  INFO 12356 --- [http-nio-8080-exec-16] c.e.c.i.a.CouponPersistenceAdapter       : version : 1
2025-07-07T19:30:58.221+09:00  INFO 12356 --- [http-nio-8080-exec-66] c.e.c.i.a.CouponPersistenceAdapter       : version : 1
2025-07-07T19:30:58.242+09:00  INFO 12356 --- [http-nio-8080-exec-92] c.e.c.i.a.CouponPersistenceAdapter       : version : 1
2025-07-07T19:30:58.256+09:00  INFO 12356 --- [http-nio-8080-exec-138] c.e.c.i.a.CouponPersistenceAdapter       : version : 1
2025-07-07T19:30:58.281+09:00  INFO 12356 --- [http-nio-8080-exec-59] c.e.c.i.a.CouponPersistenceAdapter       : version : 1
2025-07-07T19:30:58.304+09:00  INFO 12356 --- [http-nio-8080-exec-122] c.e.c.i.a.CouponPersistenceAdapter       : version : 1
2025-07-07T19:30:58.338+09:00  INFO 12356 --- [http-nio-8080-exec-177] c.e.c.i.a.CouponPersistenceAdapter       : version : 1
2025-07-07T19:30:58.382+09:00  INFO 12356 --- [http-nio-8080-exec-52] c.e.c.i.a.CouponPersistenceAdapter       : version : 1
2025-07-07T19:30:58.419+09:00  INFO 12356 --- [http-nio-8080-exec-69] c.e.c.i.a.CouponPersistenceAdapter       : version : 1
2025-07-07T19:30:58.432+09:00  INFO 12356 --- [http-nio-8080-exec-27] c.e.c.i.a.CouponPersistenceAdapter       : version : 1
2025-07-07T19:30:58.463+09:00  INFO 12356 --- [http-nio-8080-exec-78] c.e.c.i.a.CouponPersistenceAdapter       : version : 1
2025-07-07T19:30:58.477+09:00  INFO 12356 --- [http-nio-8080-exec-63] c.e.c.i.a.CouponPersistenceAdapter       : version : 1
2025-07-07T19:30:58.538+09:00  INFO 12356 --- [http-nio-8080-exec-149] c.e.c.i.a.CouponPersistenceAdapter       : version : 1
2025-07-07T19:30:58.591+09:00  INFO 12356 --- [http-nio-8080-exec-153] c.e.c.i.a.CouponPersistenceAdapter       : version : 1
2025-07-07T19:30:58.647+09:00  INFO 12356 --- [http-nio-8080-exec-65] c.e.c.i.a.CouponPersistenceAdapter       : version : 1
2025-07-07T19:30:58.666+09:00  INFO 12356 --- [http-nio-8080-exec-64] c.e.c.i.a.CouponPersistenceAdapter       : version : 1
2025-07-07T19:30:58.693+09:00  INFO 12356 --- [http-nio-8080-exec-125] c.e.c.i.a.CouponPersistenceAdapter       : version : 1
2025-07-07T19:30:58.733+09:00  INFO 12356 --- [http-nio-8080-exec-77] c.e.c.i.a.CouponPersistenceAdapter       : version : 1
2025-07-07T19:30:58.767+09:00  INFO 12356 --- [http-nio-8080-exec-140] c.e.c.i.a.CouponPersistenceAdapter       : version : 1
2025-07-07T19:30:58.809+09:00  INFO 12356 --- [http-nio-8080-exec-145] c.e.c.i.a.CouponPersistenceAdapter       : version : 1
2025-07-07T19:30:58.830+09:00  INFO 12356 --- [http-nio-8080-exec-169] c.e.c.i.a.CouponPersistenceAdapter       : version : 1
2025-07-07T19:30:58.846+09:00  INFO 12356 --- [http-nio-8080-exec-190] c.e.c.i.a.CouponPersistenceAdapter       : version : 1
2025-07-07T19:30:58.862+09:00  INFO 12356 --- [http-nio-8080-exec-155] c.e.c.i.a.CouponPersistenceAdapter       : version : 1
2025-07-07T19:30:58.879+09:00  INFO 12356 --- [http-nio-8080-exec-198] c.e.c.i.a.CouponPersistenceAdapter       : version : 1
2025-07-07T19:30:58.898+09:00  INFO 12356 --- [http-nio-8080-exec-91] c.e.c.i.a.CouponPersistenceAdapter       : version : 1
2025-07-07T19:30:58.913+09:00  INFO 12356 --- [http-nio-8080-exec-185] c.e.c.i.a.CouponPersistenceAdapter       : version : 1
2025-07-07T19:30:58.928+09:00  INFO 12356 --- [http-nio-8080-exec-123] c.e.c.i.a.CouponPersistenceAdapter       : version : 1
2025-07-07T19:30:58.948+09:00  INFO 12356 --- [http-nio-8080-exec-176] c.e.c.i.a.CouponPersistenceAdapter       : version : 1
2025-07-07T19:30:58.960+09:00  INFO 12356 --- [http-nio-8080-exec-25] c.e.c.i.a.CouponPersistenceAdapter       : version : 1
2025-07-07T19:30:58.997+09:00  INFO 12356 --- [http-nio-8080-exec-195] c.e.c.i.a.CouponPersistenceAdapter       : version : 1
2025-07-07T19:30:59.012+09:00  INFO 12356 --- [http-nio-8080-exec-184] c.e.c.i.a.CouponPersistenceAdapter       : version : 1
2025-07-07T19:30:59.026+09:00  INFO 12356 --- [http-nio-8080-exec-173] c.e.c.i.a.CouponPersistenceAdapter       : version : 1
2025-07-07T19:30:59.041+09:00  INFO 12356 --- [http-nio-8080-exec-88] c.e.c.i.a.CouponPersistenceAdapter       : version : 1
2025-07-07T19:30:59.059+09:00  INFO 12356 --- [http-nio-8080-exec-108] c.e.c.i.a.CouponPersistenceAdapter       : version : 1
2025-07-07T19:30:59.070+09:00  INFO 12356 --- [http-nio-8080-exec-116] c.e.c.i.a.CouponPersistenceAdapter       : version : 1
2025-07-07T19:30:59.084+09:00  INFO 12356 --- [http-nio-8080-exec-174] c.e.c.i.a.CouponPersistenceAdapter       : version : 1
2025-07-07T19:30:59.104+09:00  INFO 12356 --- [http-nio-8080-exec-126] c.e.c.i.a.CouponPersistenceAdapter       : version : 1
2025-07-07T19:30:59.122+09:00  INFO 12356 --- [http-nio-8080-exec-121] c.e.c.i.a.CouponPersistenceAdapter       : version : 1
2025-07-07T19:30:59.135+09:00  INFO 12356 --- [http-nio-8080-exec-46] c.e.c.i.a.CouponPersistenceAdapter       : version : 1
2025-07-07T19:30:59.155+09:00  INFO 12356 --- [http-nio-8080-exec-74] c.e.c.i.a.CouponPersistenceAdapter       : version : 1
2025-07-07T19:30:59.169+09:00  INFO 12356 --- [http-nio-8080-exec-199] c.e.c.i.a.CouponPersistenceAdapter       : version : 1
2025-07-07T19:30:59.185+09:00  INFO 12356 --- [http-nio-8080-exec-189] c.e.c.i.a.CouponPersistenceAdapter       : version : 1
2025-07-07T19:30:59.197+09:00  INFO 12356 --- [http-nio-8080-exec-103] c.e.c.i.a.CouponPersistenceAdapter       : version : 1
2025-07-07T19:30:59.218+09:00  INFO 12356 --- [http-nio-8080-exec-154] c.e.c.i.a.CouponPersistenceAdapter       : version : 1
2025-07-07T19:30:59.234+09:00  INFO 12356 --- [http-nio-8080-exec-141] c.e.c.i.a.CouponPersistenceAdapter       : version : 1
2025-07-07T19:30:59.248+09:00  INFO 12356 --- [http-nio-8080-exec-180] c.e.c.i.a.CouponPersistenceAdapter       : version : 1
2025-07-07T19:30:59.271+09:00  INFO 12356 --- [http-nio-8080-exec-75] c.e.c.i.a.CouponPersistenceAdapter       : version : 1
2025-07-07T19:30:59.316+09:00  INFO 12356 --- [http-nio-8080-exec-86] c.e.c.i.a.CouponPersistenceAdapter       : version : 1
2025-07-07T19:30:59.328+09:00  INFO 12356 --- [http-nio-8080-exec-127] c.e.c.i.a.CouponPersistenceAdapter       : version : 1
2025-07-07T19:30:59.351+09:00  INFO 12356 --- [http-nio-8080-exec-112] c.e.c.i.a.CouponPersistenceAdapter       : version : 1
2025-07-07T19:30:59.382+09:00  INFO 12356 --- [http-nio-8080-exec-142] c.e.c.i.a.CouponPersistenceAdapter       : version : 1
2025-07-07T19:30:59.405+09:00  INFO 12356 --- [http-nio-8080-exec-150] c.e.c.i.a.CouponPersistenceAdapter       : version : 1
2025-07-07T19:30:59.431+09:00  INFO 12356 --- [http-nio-8080-exec-165] c.e.c.i.a.CouponPersistenceAdapter       : version : 1
2025-07-07T19:30:59.453+09:00  INFO 12356 --- [http-nio-8080-exec-45] c.e.c.i.a.CouponPersistenceAdapter       : version : 1
2025-07-07T19:30:59.468+09:00  INFO 12356 --- [http-nio-8080-exec-8] c.e.c.i.a.CouponPersistenceAdapter       : version : 1
2025-07-07T19:30:59.485+09:00  INFO 12356 --- [http-nio-8080-exec-179] c.e.c.i.a.CouponPersistenceAdapter       : version : 1
2025-07-07T19:30:59.536+09:00  INFO 12356 --- [http-nio-8080-exec-186] c.e.c.i.a.CouponPersistenceAdapter       : version : 1
2025-07-07T19:30:59.556+09:00  INFO 12356 --- [http-nio-8080-exec-83] c.e.c.i.a.CouponPersistenceAdapter       : version : 1
2025-07-07T19:30:59.576+09:00  INFO 12356 --- [http-nio-8080-exec-99] c.e.c.i.a.CouponPersistenceAdapter       : version : 1
2025-07-07T19:30:59.596+09:00  INFO 12356 --- [http-nio-8080-exec-188] c.e.c.i.a.CouponPersistenceAdapter       : version : 1
2025-07-07T19:30:59.608+09:00  INFO 12356 --- [http-nio-8080-exec-94] c.e.c.i.a.CouponPersistenceAdapter       : version : 1
2025-07-07T19:30:59.636+09:00  INFO 12356 --- [http-nio-8080-exec-58] c.e.c.i.a.CouponPersistenceAdapter       : version : 1
2025-07-07T19:30:59.648+09:00  INFO 12356 --- [http-nio-8080-exec-196] c.e.c.i.a.CouponPersistenceAdapter       : version : 1
2025-07-07T19:30:59.679+09:00  INFO 12356 --- [http-nio-8080-exec-167] c.e.c.i.a.CouponPersistenceAdapter       : version : 1
2025-07-07T19:30:59.694+09:00  INFO 12356 --- [http-nio-8080-exec-148] c.e.c.i.a.CouponPersistenceAdapter       : version : 1
2025-07-07T19:30:59.710+09:00  INFO 12356 --- [http-nio-8080-exec-139] c.e.c.i.a.CouponPersistenceAdapter       : version : 1
2025-07-07T19:30:59.729+09:00  INFO 12356 --- [http-nio-8080-exec-76] c.e.c.i.a.CouponPersistenceAdapter       : version : 1
2025-07-07T19:30:59.772+09:00  INFO 12356 --- [http-nio-8080-exec-111] c.e.c.i.a.CouponPersistenceAdapter       : version : 1
2025-07-07T19:30:59.790+09:00  INFO 12356 --- [http-nio-8080-exec-97] c.e.c.i.a.CouponPersistenceAdapter       : version : 1
2025-07-07T19:30:59.803+09:00  INFO 12356 --- [http-nio-8080-exec-115] c.e.c.i.a.CouponPersistenceAdapter       : version : 1
2025-07-07T19:30:59.818+09:00  INFO 12356 --- [http-nio-8080-exec-23] c.e.c.i.a.CouponPersistenceAdapter       : version : 1
2025-07-07T19:30:59.836+09:00  INFO 12356 --- [http-nio-8080-exec-162] c.e.c.i.a.CouponPersistenceAdapter       : version : 1
2025-07-07T19:30:59.876+09:00  INFO 12356 --- [http-nio-8080-exec-98] c.e.c.i.a.CouponPersistenceAdapter       : version : 1
2025-07-07T19:30:59.892+09:00  INFO 12356 --- [http-nio-8080-exec-128] c.e.c.i.a.CouponPersistenceAdapter       : version : 1
2025-07-07T19:30:59.904+09:00  INFO 12356 --- [http-nio-8080-exec-57] c.e.c.i.a.CouponPersistenceAdapter       : version : 1
2025-07-07T19:30:59.921+09:00  INFO 12356 --- [http-nio-8080-exec-60] c.e.c.i.a.CouponPersistenceAdapter       : version : 1
2025-07-07T19:30:59.937+09:00  INFO 12356 --- [http-nio-8080-exec-133] c.e.c.i.a.CouponPersistenceAdapter       : version : 1
2025-07-07T19:30:59.949+09:00  INFO 12356 --- [http-nio-8080-exec-156] c.e.c.i.a.CouponPersistenceAdapter       : version : 1
2025-07-07T19:30:59.959+09:00  INFO 12356 --- [http-nio-8080-exec-82] c.e.c.i.a.CouponPersistenceAdapter       : version : 1
2025-07-07T19:30:59.980+09:00  INFO 12356 --- [http-nio-8080-exec-84] c.e.c.i.a.CouponPersistenceAdapter       : version : 1
2025-07-07T19:30:59.996+09:00  INFO 12356 --- [http-nio-8080-exec-181] c.e.c.i.a.CouponPersistenceAdapter       : version : 1
2025-07-07T19:31:00.023+09:00  INFO 12356 --- [http-nio-8080-exec-152] c.e.c.i.a.CouponPersistenceAdapter       : version : 1
2025-07-07T19:31:00.056+09:00  INFO 12356 --- [http-nio-8080-exec-168] c.e.c.i.a.CouponPersistenceAdapter       : version : 1
2025-07-07T19:31:00.084+09:00  INFO 12356 --- [http-nio-8080-exec-171] c.e.c.i.a.CouponPersistenceAdapter       : version : 1
2025-07-07T19:31:00.100+09:00  INFO 12356 --- [http-nio-8080-exec-137] c.e.c.i.a.CouponPersistenceAdapter       : version : 1
2025-07-07T19:31:00.124+09:00  INFO 12356 --- [http-nio-8080-exec-146] c.e.c.i.a.CouponPersistenceAdapter       : version : 1
2025-07-07T19:31:00.148+09:00  INFO 12356 --- [http-nio-8080-exec-35] c.e.c.i.a.CouponPersistenceAdapter       : version : 1
2025-07-07T19:31:00.160+09:00  INFO 12356 --- [http-nio-8080-exec-183] c.e.c.i.a.CouponPersistenceAdapter       : version : 1
2025-07-07T19:31:00.175+09:00  INFO 12356 --- [http-nio-8080-exec-72] c.e.c.i.a.CouponPersistenceAdapter       : version : 1
2025-07-07T19:31:00.191+09:00  INFO 12356 --- [http-nio-8080-exec-134] c.e.c.i.a.CouponPersistenceAdapter       : version : 1
2025-07-07T19:31:00.208+09:00  INFO 12356 --- [http-nio-8080-exec-159] c.e.c.i.a.CouponPersistenceAdapter       : version : 1
2025-07-07T19:31:00.220+09:00  INFO 12356 --- [http-nio-8080-exec-119] c.e.c.i.a.CouponPersistenceAdapter       : version : 1
2025-07-07T19:31:00.236+09:00  INFO 12356 --- [http-nio-8080-exec-48] c.e.c.i.a.CouponPersistenceAdapter       : version : 1
2025-07-07T19:31:00.252+09:00  INFO 12356 --- [http-nio-8080-exec-172] c.e.c.i.a.CouponPersistenceAdapter       : version : 1
2025-07-07T19:31:00.263+09:00  INFO 12356 --- [http-nio-8080-exec-68] c.e.c.i.a.CouponPersistenceAdapter       : version : 1
2025-07-07T19:31:00.282+09:00  INFO 12356 --- [http-nio-8080-exec-163] c.e.c.i.a.CouponPersistenceAdapter       : version : 1
2025-07-07T19:31:00.294+09:00  INFO 12356 --- [http-nio-8080-exec-105] c.e.c.i.a.CouponPersistenceAdapter       : version : 1
2025-07-07T19:31:00.305+09:00  INFO 12356 --- [http-nio-8080-exec-9] c.e.c.i.a.CouponPersistenceAdapter       : version : 1
2025-07-07T19:31:00.329+09:00  INFO 12356 --- [http-nio-8080-exec-158] c.e.c.i.a.CouponPersistenceAdapter       : version : 1
2025-07-07T19:31:00.349+09:00  INFO 12356 --- [http-nio-8080-exec-132] c.e.c.i.a.CouponPersistenceAdapter       : version : 1
2025-07-07T19:31:00.373+09:00  INFO 12356 --- [http-nio-8080-exec-120] c.e.c.i.a.CouponPersistenceAdapter       : version : 1
2025-07-07T19:31:00.389+09:00  INFO 12356 --- [http-nio-8080-exec-160] c.e.c.i.a.CouponPersistenceAdapter       : version : 1
2025-07-07T19:31:00.411+09:00  INFO 12356 --- [http-nio-8080-exec-130] c.e.c.i.a.CouponPersistenceAdapter       : version : 1
2025-07-07T19:31:00.433+09:00  INFO 12356 --- [http-nio-8080-exec-17] c.e.c.i.a.CouponPersistenceAdapter       : version : 1
2025-07-07T19:31:00.462+09:00  INFO 12356 --- [http-nio-8080-exec-197] c.e.c.i.a.CouponPersistenceAdapter       : version : 1
2025-07-07T19:31:00.494+09:00  INFO 12356 --- [http-nio-8080-exec-26] c.e.c.i.a.CouponPersistenceAdapter       : version : 1
2025-07-07T19:31:00.512+09:00  INFO 12356 --- [http-nio-8080-exec-79] c.e.c.i.a.CouponPersistenceAdapter       : version : 1
2025-07-07T19:31:00.529+09:00  INFO 12356 --- [http-nio-8080-exec-178] c.e.c.i.a.CouponPersistenceAdapter       : version : 1
2025-07-07T19:31:00.543+09:00  INFO 12356 --- [http-nio-8080-exec-117] c.e.c.i.a.CouponPersistenceAdapter       : version : 1
2025-07-07T19:31:00.565+09:00  INFO 12356 --- [http-nio-8080-exec-109] c.e.c.i.a.CouponPersistenceAdapter       : version : 1
2025-07-07T19:31:00.581+09:00  INFO 12356 --- [http-nio-8080-exec-161] c.e.c.i.a.CouponPersistenceAdapter       : version : 1
2025-07-07T19:31:00.636+09:00  INFO 12356 --- [http-nio-8080-exec-187] c.e.c.i.a.CouponPersistenceAdapter       : version : 1
2025-07-07T19:31:00.652+09:00  INFO 12356 --- [http-nio-8080-exec-90] c.e.c.i.a.CouponPersistenceAdapter       : version : 1
2025-07-07T19:31:00.665+09:00  INFO 12356 --- [http-nio-8080-exec-85] c.e.c.i.a.CouponPersistenceAdapter       : version : 1
2025-07-07T19:31:00.681+09:00  INFO 12356 --- [http-nio-8080-exec-62] c.e.c.i.a.CouponPersistenceAdapter       : version : 1
2025-07-07T19:31:00.697+09:00  INFO 12356 --- [http-nio-8080-exec-182] c.e.c.i.a.CouponPersistenceAdapter       : version : 1
2025-07-07T19:31:00.710+09:00  INFO 12356 --- [http-nio-8080-exec-143] c.e.c.i.a.CouponPersistenceAdapter       : version : 1
2025-07-07T19:31:00.724+09:00  INFO 12356 --- [http-nio-8080-exec-11] c.e.c.i.a.CouponPersistenceAdapter       : version : 1
2025-07-07T19:31:00.737+09:00  INFO 12356 --- [http-nio-8080-exec-157] c.e.c.i.a.CouponPersistenceAdapter       : version : 1
2025-07-07T19:31:00.752+09:00  INFO 12356 --- [http-nio-8080-exec-151] c.e.c.i.a.CouponPersistenceAdapter       : version : 1
2025-07-07T19:31:00.770+09:00  INFO 12356 --- [http-nio-8080-exec-31] c.e.c.i.a.CouponPersistenceAdapter       : version : 1
2025-07-07T19:31:00.784+09:00  INFO 12356 --- [http-nio-8080-exec-194] c.e.c.i.a.CouponPersistenceAdapter       : version : 1
2025-07-07T19:31:00.812+09:00  INFO 12356 --- [http-nio-8080-exec-192] c.e.c.i.a.CouponPersistenceAdapter       : version : 1
2025-07-07T19:31:00.823+09:00  INFO 12356 --- [http-nio-8080-exec-114] c.e.c.i.a.CouponPersistenceAdapter       : version : 1
2025-07-07T19:31:00.842+09:00  INFO 12356 --- [http-nio-8080-exec-191] c.e.c.i.a.CouponPersistenceAdapter       : version : 1
2025-07-07T19:31:00.856+09:00  INFO 12356 --- [http-nio-8080-exec-129] c.e.c.i.a.CouponPersistenceAdapter       : version : 1
2025-07-07T19:31:00.869+09:00  INFO 12356 --- [http-nio-8080-exec-118] c.e.c.i.a.CouponPersistenceAdapter       : version : 1
2025-07-07T19:31:00.890+09:00  INFO 12356 --- [http-nio-8080-exec-170] c.e.c.i.a.CouponPersistenceAdapter       : version : 1
2025-07-07T19:31:00.905+09:00  INFO 12356 --- [http-nio-8080-exec-175] c.e.c.i.a.CouponPersistenceAdapter       : version : 1
2025-07-07T19:31:00.917+09:00  INFO 12356 --- [http-nio-8080-exec-89] c.e.c.i.a.CouponPersistenceAdapter       : version : 1
2025-07-07T19:31:00.937+09:00  INFO 12356 --- [http-nio-8080-exec-73] c.e.c.i.a.CouponPersistenceAdapter       : version : 1
2025-07-07T19:31:00.953+09:00  INFO 12356 --- [http-nio-8080-exec-110] c.e.c.i.a.CouponPersistenceAdapter       : version : 1
2025-07-07T19:31:00.963+09:00  INFO 12356 --- [http-nio-8080-exec-200] c.e.c.i.a.CouponPersistenceAdapter       : version : 1
2025-07-07T19:31:00.980+09:00  INFO 12356 --- [http-nio-8080-exec-193] c.e.c.i.a.CouponPersistenceAdapter       : version : 1
2025-07-07T19:31:01.003+09:00  INFO 12356 --- [http-nio-8080-exec-124] c.e.c.i.a.CouponPersistenceAdapter       : version : 1
2025-07-07T19:31:01.049+09:00  INFO 12356 --- [http-nio-8080-exec-164] c.e.c.i.a.CouponPersistenceAdapter       : version : 1
2025-07-07T19:31:01.067+09:00  INFO 12356 --- [http-nio-8080-exec-113] c.e.c.i.a.CouponPersistenceAdapter       : version : 1
2025-07-07T19:31:01.087+09:00  INFO 12356 --- [http-nio-8080-exec-6] c.e.c.i.a.CouponPersistenceAdapter       : version : 2
2025-07-07T19:31:01.103+09:00  INFO 12356 --- [http-nio-8080-exec-101] c.e.c.i.a.CouponPersistenceAdapter       : version : 2
2025-07-07T19:31:01.115+09:00  INFO 12356 --- [http-nio-8080-exec-13] c.e.c.i.a.CouponPersistenceAdapter       : version : 2
2025-07-07T19:31:01.134+09:00  INFO 12356 --- [http-nio-8080-exec-20] c.e.c.i.a.CouponPersistenceAdapter       : version : 2
2025-07-07T19:31:01.263+09:00  INFO 12356 --- [http-nio-8080-exec-95] c.e.c.i.a.CouponPersistenceAdapter       : version : 2
2025-07-07T19:31:01.278+09:00  INFO 12356 --- [http-nio-8080-exec-18] c.e.c.i.a.CouponPersistenceAdapter       : version : 2
2025-07-07T19:31:01.290+09:00  INFO 12356 --- [http-nio-8080-exec-42] c.e.c.i.a.CouponPersistenceAdapter       : version : 2
2025-07-07T19:31:01.305+09:00  INFO 12356 --- [http-nio-8080-exec-67] c.e.c.i.a.CouponPersistenceAdapter       : version : 2
2025-07-07T19:31:01.322+09:00  INFO 12356 --- [http-nio-8080-exec-30] c.e.c.i.a.CouponPersistenceAdapter       : version : 2
2025-07-07T19:31:01.369+09:00  INFO 12356 --- [http-nio-8080-exec-41] c.e.c.i.a.CouponPersistenceAdapter       : version : 2
2025-07-07T19:31:01.385+09:00  INFO 12356 --- [http-nio-8080-exec-12] c.e.c.i.a.CouponPersistenceAdapter       : version : 2
2025-07-07T19:31:01.403+09:00  INFO 12356 --- [http-nio-8080-exec-135] c.e.c.i.a.CouponPersistenceAdapter       : version : 2
2025-07-07T19:31:01.415+09:00  INFO 12356 --- [http-nio-8080-exec-56] c.e.c.i.a.CouponPersistenceAdapter       : version : 2
2025-07-07T19:31:01.425+09:00  INFO 12356 --- [http-nio-8080-exec-47] c.e.c.i.a.CouponPersistenceAdapter       : version : 2
2025-07-07T19:31:01.438+09:00  INFO 12356 --- [http-nio-8080-exec-21] c.e.c.i.a.CouponPersistenceAdapter       : version : 2
2025-07-07T19:31:01.453+09:00  INFO 12356 --- [http-nio-8080-exec-2] c.e.c.i.a.CouponPersistenceAdapter       : version : 2
2025-07-07T19:31:01.467+09:00  INFO 12356 --- [http-nio-8080-exec-36] c.e.c.i.a.CouponPersistenceAdapter       : version : 2
2025-07-07T19:31:01.482+09:00  INFO 12356 --- [http-nio-8080-exec-4] c.e.c.i.a.CouponPersistenceAdapter       : version : 2
2025-07-07T19:31:01.527+09:00  INFO 12356 --- [http-nio-8080-exec-81] c.e.c.i.a.CouponPersistenceAdapter       : version : 2
2025-07-07T19:31:01.655+09:00  INFO 12356 --- [http-nio-8080-exec-61] c.e.c.i.a.CouponPersistenceAdapter       : version : 2
2025-07-07T19:31:01.685+09:00  INFO 12356 --- [http-nio-8080-exec-49] c.e.c.i.a.CouponPersistenceAdapter       : version : 2
2025-07-07T19:31:01.702+09:00  INFO 12356 --- [http-nio-8080-exec-51] c.e.c.i.a.CouponPersistenceAdapter       : version : 2
2025-07-07T19:31:01.719+09:00  INFO 12356 --- [http-nio-8080-exec-40] c.e.c.i.a.CouponPersistenceAdapter       : version : 2
2025-07-07T19:31:01.732+09:00  INFO 12356 --- [http-nio-8080-exec-5] c.e.c.i.a.CouponPersistenceAdapter       : version : 2
2025-07-07T19:31:01.749+09:00  INFO 12356 --- [http-nio-8080-exec-3] c.e.c.i.a.CouponPersistenceAdapter       : version : 2
2025-07-07T19:31:01.803+09:00  INFO 12356 --- [http-nio-8080-exec-100] c.e.c.i.a.CouponPersistenceAdapter       : version : 2
2025-07-07T19:31:01.818+09:00  INFO 12356 --- [http-nio-8080-exec-28] c.e.c.i.a.CouponPersistenceAdapter       : version : 2
2025-07-07T19:31:01.834+09:00  INFO 12356 --- [http-nio-8080-exec-55] c.e.c.i.a.CouponPersistenceAdapter       : version : 2
2025-07-07T19:31:01.847+09:00  INFO 12356 --- [http-nio-8080-exec-44] c.e.c.i.a.CouponPersistenceAdapter       : version : 2
2025-07-07T19:31:01.861+09:00  INFO 12356 --- [http-nio-8080-exec-96] c.e.c.i.a.CouponPersistenceAdapter       : version : 2
2025-07-07T19:31:01.874+09:00  INFO 12356 --- [http-nio-8080-exec-106] c.e.c.i.a.CouponPersistenceAdapter       : version : 2
2025-07-07T19:31:01.887+09:00  INFO 12356 --- [http-nio-8080-exec-39] c.e.c.i.a.CouponPersistenceAdapter       : version : 2
2025-07-07T19:31:01.902+09:00  INFO 12356 --- [http-nio-8080-exec-38] c.e.c.i.a.CouponPersistenceAdapter       : version : 2
2025-07-07T19:31:01.916+09:00  INFO 12356 --- [http-nio-8080-exec-1] c.e.c.i.a.CouponPersistenceAdapter       : version : 2
2025-07-07T19:31:01.926+09:00  INFO 12356 --- [http-nio-8080-exec-34] c.e.c.i.a.CouponPersistenceAdapter       : version : 2
2025-07-07T19:31:01.944+09:00  INFO 12356 --- [http-nio-8080-exec-53] c.e.c.i.a.CouponPersistenceAdapter       : version : 2
2025-07-07T19:31:01.954+09:00  INFO 12356 --- [http-nio-8080-exec-87] c.e.c.i.a.CouponPersistenceAdapter       : version : 2
2025-07-07T19:31:01.967+09:00  INFO 12356 --- [http-nio-8080-exec-107] c.e.c.i.a.CouponPersistenceAdapter       : version : 2
2025-07-07T19:31:01.977+09:00  INFO 12356 --- [http-nio-8080-exec-33] c.e.c.i.a.CouponPersistenceAdapter       : version : 2
2025-07-07T19:31:02.000+09:00  INFO 12356 --- [http-nio-8080-exec-50] c.e.c.i.a.CouponPersistenceAdapter       : version : 2
2025-07-07T19:31:02.011+09:00  INFO 12356 --- [http-nio-8080-exec-7] c.e.c.i.a.CouponPersistenceAdapter       : version : 2
2025-07-07T19:31:02.023+09:00  INFO 12356 --- [http-nio-8080-exec-14] c.e.c.i.a.CouponPersistenceAdapter       : version : 2
2025-07-07T19:31:02.037+09:00  INFO 12356 --- [http-nio-8080-exec-54] c.e.c.i.a.CouponPersistenceAdapter       : version : 2
2025-07-07T19:31:02.049+09:00  INFO 12356 --- [http-nio-8080-exec-29] c.e.c.i.a.CouponPersistenceAdapter       : version : 2
2025-07-07T19:31:02.060+09:00  INFO 12356 --- [http-nio-8080-exec-22] c.e.c.i.a.CouponPersistenceAdapter       : version : 2
2025-07-07T19:31:02.069+09:00  INFO 12356 --- [http-nio-8080-exec-144] c.e.c.i.a.CouponPersistenceAdapter       : version : 2
2025-07-07T19:31:02.081+09:00  INFO 12356 --- [http-nio-8080-exec-24] c.e.c.i.a.CouponPersistenceAdapter       : version : 2
2025-07-07T19:31:02.096+09:00  INFO 12356 --- [http-nio-8080-exec-15] c.e.c.i.a.CouponPersistenceAdapter       : version : 2
2025-07-07T19:31:02.106+09:00  INFO 12356 --- [http-nio-8080-exec-166] c.e.c.i.a.CouponPersistenceAdapter       : version : 2
2025-07-07T19:31:02.120+09:00  INFO 12356 --- [http-nio-8080-exec-93] c.e.c.i.a.CouponPersistenceAdapter       : version : 2
2025-07-07T19:31:02.130+09:00  INFO 12356 --- [http-nio-8080-exec-32] c.e.c.i.a.CouponPersistenceAdapter       : version : 2
2025-07-07T19:31:02.142+09:00  INFO 12356 --- [http-nio-8080-exec-136] c.e.c.i.a.CouponPersistenceAdapter       : version : 2
2025-07-07T19:31:02.155+09:00  INFO 12356 --- [http-nio-8080-exec-70] c.e.c.i.a.CouponPersistenceAdapter       : version : 2
2025-07-07T19:31:02.174+09:00  INFO 12356 --- [http-nio-8080-exec-19] c.e.c.i.a.CouponPersistenceAdapter       : version : 2
2025-07-07T19:31:02.191+09:00  INFO 12356 --- [http-nio-8080-exec-71] c.e.c.i.a.CouponPersistenceAdapter       : version : 2
2025-07-07T19:31:02.211+09:00  INFO 12356 --- [http-nio-8080-exec-10] c.e.c.i.a.CouponPersistenceAdapter       : version : 2
2025-07-07T19:31:02.231+09:00  INFO 12356 --- [http-nio-8080-exec-43] c.e.c.i.a.CouponPersistenceAdapter       : version : 2
2025-07-07T19:31:02.253+09:00  INFO 12356 --- [http-nio-8080-exec-147] c.e.c.i.a.CouponPersistenceAdapter       : version : 2
2025-07-07T19:31:02.279+09:00  INFO 12356 --- [http-nio-8080-exec-131] c.e.c.i.a.CouponPersistenceAdapter       : version : 2
2025-07-07T19:31:02.320+09:00  INFO 12356 --- [http-nio-8080-exec-104] c.e.c.i.a.CouponPersistenceAdapter       : version : 2
2025-07-07T19:31:02.346+09:00  INFO 12356 --- [http-nio-8080-exec-37] c.e.c.i.a.CouponPersistenceAdapter       : version : 2
2025-07-07T19:31:02.365+09:00  INFO 12356 --- [http-nio-8080-exec-80] c.e.c.i.a.CouponPersistenceAdapter       : version : 2
2025-07-07T19:31:02.377+09:00  INFO 12356 --- [http-nio-8080-exec-102] c.e.c.i.a.CouponPersistenceAdapter       : version : 2
2025-07-07T19:31:02.395+09:00  INFO 12356 --- [http-nio-8080-exec-16] c.e.c.i.a.CouponPersistenceAdapter       : version : 2
2025-07-07T19:31:02.410+09:00  INFO 12356 --- [http-nio-8080-exec-66] c.e.c.i.a.CouponPersistenceAdapter       : version : 2
2025-07-07T19:31:02.425+09:00  INFO 12356 --- [http-nio-8080-exec-92] c.e.c.i.a.CouponPersistenceAdapter       : version : 2
2025-07-07T19:31:02.440+09:00  INFO 12356 --- [http-nio-8080-exec-138] c.e.c.i.a.CouponPersistenceAdapter       : version : 2
2025-07-07T19:31:02.454+09:00  INFO 12356 --- [http-nio-8080-exec-59] c.e.c.i.a.CouponPersistenceAdapter       : version : 2
2025-07-07T19:31:02.476+09:00  INFO 12356 --- [http-nio-8080-exec-122] c.e.c.i.a.CouponPersistenceAdapter       : version : 2
2025-07-07T19:31:02.487+09:00  INFO 12356 --- [http-nio-8080-exec-177] c.e.c.i.a.CouponPersistenceAdapter       : version : 2
2025-07-07T19:31:02.502+09:00  INFO 12356 --- [http-nio-8080-exec-52] c.e.c.i.a.CouponPersistenceAdapter       : version : 2
2025-07-07T19:31:02.514+09:00  INFO 12356 --- [http-nio-8080-exec-69] c.e.c.i.a.CouponPersistenceAdapter       : version : 2
2025-07-07T19:31:02.538+09:00  INFO 12356 --- [http-nio-8080-exec-27] c.e.c.i.a.CouponPersistenceAdapter       : version : 2
2025-07-07T19:31:02.550+09:00  INFO 12356 --- [http-nio-8080-exec-78] c.e.c.i.a.CouponPersistenceAdapter       : version : 2
2025-07-07T19:31:02.567+09:00  INFO 12356 --- [http-nio-8080-exec-63] c.e.c.i.a.CouponPersistenceAdapter       : version : 2
2025-07-07T19:31:02.580+09:00  INFO 12356 --- [http-nio-8080-exec-149] c.e.c.i.a.CouponPersistenceAdapter       : version : 2
2025-07-07T19:31:02.594+09:00  INFO 12356 --- [http-nio-8080-exec-153] c.e.c.i.a.CouponPersistenceAdapter       : version : 2
2025-07-07T19:31:02.605+09:00  INFO 12356 --- [http-nio-8080-exec-65] c.e.c.i.a.CouponPersistenceAdapter       : version : 2
2025-07-07T19:31:02.618+09:00  INFO 12356 --- [http-nio-8080-exec-64] c.e.c.i.a.CouponPersistenceAdapter       : version : 2
2025-07-07T19:31:02.634+09:00  INFO 12356 --- [http-nio-8080-exec-125] c.e.c.i.a.CouponPersistenceAdapter       : version : 2
2025-07-07T19:31:02.649+09:00  INFO 12356 --- [http-nio-8080-exec-77] c.e.c.i.a.CouponPersistenceAdapter       : version : 2
2025-07-07T19:31:02.661+09:00  INFO 12356 --- [http-nio-8080-exec-140] c.e.c.i.a.CouponPersistenceAdapter       : version : 2
2025-07-07T19:31:02.674+09:00  INFO 12356 --- [http-nio-8080-exec-145] c.e.c.i.a.CouponPersistenceAdapter       : version : 2
2025-07-07T19:31:02.691+09:00  INFO 12356 --- [http-nio-8080-exec-169] c.e.c.i.a.CouponPersistenceAdapter       : version : 2
2025-07-07T19:31:02.707+09:00  INFO 12356 --- [http-nio-8080-exec-190] c.e.c.i.a.CouponPersistenceAdapter       : version : 2
2025-07-07T19:31:02.722+09:00  INFO 12356 --- [http-nio-8080-exec-155] c.e.c.i.a.CouponPersistenceAdapter       : version : 2
2025-07-07T19:31:02.735+09:00  INFO 12356 --- [http-nio-8080-exec-198] c.e.c.i.a.CouponPersistenceAdapter       : version : 2
2025-07-07T19:31:02.748+09:00  INFO 12356 --- [http-nio-8080-exec-91] c.e.c.i.a.CouponPersistenceAdapter       : version : 2
2025-07-07T19:31:02.758+09:00  INFO 12356 --- [http-nio-8080-exec-185] c.e.c.i.a.CouponPersistenceAdapter       : version : 2
2025-07-07T19:31:02.770+09:00  INFO 12356 --- [http-nio-8080-exec-123] c.e.c.i.a.CouponPersistenceAdapter       : version : 2
2025-07-07T19:31:02.784+09:00  INFO 12356 --- [http-nio-8080-exec-176] c.e.c.i.a.CouponPersistenceAdapter       : version : 2
2025-07-07T19:31:02.797+09:00  INFO 12356 --- [http-nio-8080-exec-25] c.e.c.i.a.CouponPersistenceAdapter       : version : 2
2025-07-07T19:31:02.809+09:00  INFO 12356 --- [http-nio-8080-exec-195] c.e.c.i.a.CouponPersistenceAdapter       : version : 2
2025-07-07T19:31:02.822+09:00  INFO 12356 --- [http-nio-8080-exec-184] c.e.c.i.a.CouponPersistenceAdapter       : version : 2
2025-07-07T19:31:02.834+09:00  INFO 12356 --- [http-nio-8080-exec-173] c.e.c.i.a.CouponPersistenceAdapter       : version : 2
2025-07-07T19:31:02.850+09:00  INFO 12356 --- [http-nio-8080-exec-88] c.e.c.i.a.CouponPersistenceAdapter       : version : 2
2025-07-07T19:31:02.862+09:00  INFO 12356 --- [http-nio-8080-exec-108] c.e.c.i.a.CouponPersistenceAdapter       : version : 2
2025-07-07T19:31:02.878+09:00  INFO 12356 --- [http-nio-8080-exec-116] c.e.c.i.a.CouponPersistenceAdapter       : version : 2
2025-07-07T19:31:02.892+09:00  INFO 12356 --- [http-nio-8080-exec-174] c.e.c.i.a.CouponPersistenceAdapter       : version : 2
2025-07-07T19:31:02.904+09:00  INFO 12356 --- [http-nio-8080-exec-126] c.e.c.i.a.CouponPersistenceAdapter       : version : 2
2025-07-07T19:31:02.916+09:00  INFO 12356 --- [http-nio-8080-exec-121] c.e.c.i.a.CouponPersistenceAdapter       : version : 2
2025-07-07T19:31:02.928+09:00  INFO 12356 --- [http-nio-8080-exec-46] c.e.c.i.a.CouponPersistenceAdapter       : version : 2
2025-07-07T19:31:02.940+09:00  INFO 12356 --- [http-nio-8080-exec-74] c.e.c.i.a.CouponPersistenceAdapter       : version : 2
2025-07-07T19:31:02.952+09:00  INFO 12356 --- [http-nio-8080-exec-199] c.e.c.i.a.CouponPersistenceAdapter       : version : 2
2025-07-07T19:31:02.964+09:00  INFO 12356 --- [http-nio-8080-exec-189] c.e.c.i.a.CouponPersistenceAdapter       : version : 2
2025-07-07T19:31:02.979+09:00  INFO 12356 --- [http-nio-8080-exec-103] c.e.c.i.a.CouponPersistenceAdapter       : version : 2
2025-07-07T19:31:02.993+09:00  INFO 12356 --- [http-nio-8080-exec-154] c.e.c.i.a.CouponPersistenceAdapter       : version : 2
2025-07-07T19:31:03.006+09:00  INFO 12356 --- [http-nio-8080-exec-141] c.e.c.i.a.CouponPersistenceAdapter       : version : 2
2025-07-07T19:31:03.020+09:00  INFO 12356 --- [http-nio-8080-exec-180] c.e.c.i.a.CouponPersistenceAdapter       : version : 2
2025-07-07T19:31:03.047+09:00  INFO 12356 --- [http-nio-8080-exec-75] c.e.c.i.a.CouponPersistenceAdapter       : version : 2
2025-07-07T19:31:03.070+09:00  INFO 12356 --- [http-nio-8080-exec-86] c.e.c.i.a.CouponPersistenceAdapter       : version : 2
2025-07-07T19:31:03.090+09:00  INFO 12356 --- [http-nio-8080-exec-127] c.e.c.i.a.CouponPersistenceAdapter       : version : 2
2025-07-07T19:31:03.113+09:00  INFO 12356 --- [http-nio-8080-exec-112] c.e.c.i.a.CouponPersistenceAdapter       : version : 2
2025-07-07T19:31:03.227+09:00  INFO 12356 --- [http-nio-8080-exec-142] c.e.c.i.a.CouponPersistenceAdapter       : version : 2
2025-07-07T19:31:03.245+09:00  INFO 12356 --- [http-nio-8080-exec-150] c.e.c.i.a.CouponPersistenceAdapter       : version : 2
2025-07-07T19:31:03.262+09:00  INFO 12356 --- [http-nio-8080-exec-165] c.e.c.i.a.CouponPersistenceAdapter       : version : 2
2025-07-07T19:31:03.275+09:00  INFO 12356 --- [http-nio-8080-exec-45] c.e.c.i.a.CouponPersistenceAdapter       : version : 2
2025-07-07T19:31:03.296+09:00  INFO 12356 --- [http-nio-8080-exec-8] c.e.c.i.a.CouponPersistenceAdapter       : version : 2
2025-07-07T19:31:03.314+09:00  INFO 12356 --- [http-nio-8080-exec-179] c.e.c.i.a.CouponPersistenceAdapter       : version : 2
2025-07-07T19:31:03.335+09:00  INFO 12356 --- [http-nio-8080-exec-186] c.e.c.i.a.CouponPersistenceAdapter       : version : 2
2025-07-07T19:31:03.349+09:00  INFO 12356 --- [http-nio-8080-exec-83] c.e.c.i.a.CouponPersistenceAdapter       : version : 2
2025-07-07T19:31:03.359+09:00  INFO 12356 --- [http-nio-8080-exec-99] c.e.c.i.a.CouponPersistenceAdapter       : version : 2
2025-07-07T19:31:03.370+09:00  INFO 12356 --- [http-nio-8080-exec-188] c.e.c.i.a.CouponPersistenceAdapter       : version : 2
2025-07-07T19:31:03.381+09:00  INFO 12356 --- [http-nio-8080-exec-94] c.e.c.i.a.CouponPersistenceAdapter       : version : 2
2025-07-07T19:31:03.394+09:00  INFO 12356 --- [http-nio-8080-exec-58] c.e.c.i.a.CouponPersistenceAdapter       : version : 2
2025-07-07T19:31:03.404+09:00  INFO 12356 --- [http-nio-8080-exec-196] c.e.c.i.a.CouponPersistenceAdapter       : version : 2
2025-07-07T19:31:03.415+09:00  INFO 12356 --- [http-nio-8080-exec-167] c.e.c.i.a.CouponPersistenceAdapter       : version : 2
2025-07-07T19:31:03.426+09:00  INFO 12356 --- [http-nio-8080-exec-148] c.e.c.i.a.CouponPersistenceAdapter       : version : 2
2025-07-07T19:31:03.444+09:00  INFO 12356 --- [http-nio-8080-exec-139] c.e.c.i.a.CouponPersistenceAdapter       : version : 2
2025-07-07T19:31:03.466+09:00  INFO 12356 --- [http-nio-8080-exec-76] c.e.c.i.a.CouponPersistenceAdapter       : version : 2
2025-07-07T19:31:03.488+09:00  INFO 12356 --- [http-nio-8080-exec-111] c.e.c.i.a.CouponPersistenceAdapter       : version : 2
2025-07-07T19:31:03.504+09:00  INFO 12356 --- [http-nio-8080-exec-97] c.e.c.i.a.CouponPersistenceAdapter       : version : 2
2025-07-07T19:31:03.522+09:00  INFO 12356 --- [http-nio-8080-exec-115] c.e.c.i.a.CouponPersistenceAdapter       : version : 2
2025-07-07T19:31:03.544+09:00  INFO 12356 --- [http-nio-8080-exec-23] c.e.c.i.a.CouponPersistenceAdapter       : version : 2
2025-07-07T19:31:03.560+09:00  INFO 12356 --- [http-nio-8080-exec-162] c.e.c.i.a.CouponPersistenceAdapter       : version : 2
2025-07-07T19:31:03.572+09:00  INFO 12356 --- [http-nio-8080-exec-98] c.e.c.i.a.CouponPersistenceAdapter       : version : 2
2025-07-07T19:31:03.585+09:00  INFO 12356 --- [http-nio-8080-exec-128] c.e.c.i.a.CouponPersistenceAdapter       : version : 2
2025-07-07T19:31:03.598+09:00  INFO 12356 --- [http-nio-8080-exec-57] c.e.c.i.a.CouponPersistenceAdapter       : version : 2
2025-07-07T19:31:03.692+09:00  INFO 12356 --- [http-nio-8080-exec-60] c.e.c.i.a.CouponPersistenceAdapter       : version : 2
2025-07-07T19:31:03.736+09:00  INFO 12356 --- [http-nio-8080-exec-133] c.e.c.i.a.CouponPersistenceAdapter       : version : 2
2025-07-07T19:31:03.760+09:00  INFO 12356 --- [http-nio-8080-exec-156] c.e.c.i.a.CouponPersistenceAdapter       : version : 2
2025-07-07T19:31:03.787+09:00  INFO 12356 --- [http-nio-8080-exec-82] c.e.c.i.a.CouponPersistenceAdapter       : version : 2
2025-07-07T19:31:03.801+09:00  INFO 12356 --- [http-nio-8080-exec-84] c.e.c.i.a.CouponPersistenceAdapter       : version : 2
2025-07-07T19:31:03.817+09:00  INFO 12356 --- [http-nio-8080-exec-181] c.e.c.i.a.CouponPersistenceAdapter       : version : 2
2025-07-07T19:31:03.832+09:00  INFO 12356 --- [http-nio-8080-exec-152] c.e.c.i.a.CouponPersistenceAdapter       : version : 2
2025-07-07T19:31:03.851+09:00  INFO 12356 --- [http-nio-8080-exec-168] c.e.c.i.a.CouponPersistenceAdapter       : version : 2
2025-07-07T19:31:03.871+09:00  INFO 12356 --- [http-nio-8080-exec-171] c.e.c.i.a.CouponPersistenceAdapter       : version : 2
2025-07-07T19:31:03.891+09:00  INFO 12356 --- [http-nio-8080-exec-137] c.e.c.i.a.CouponPersistenceAdapter       : version : 2
2025-07-07T19:31:03.913+09:00  INFO 12356 --- [http-nio-8080-exec-146] c.e.c.i.a.CouponPersistenceAdapter       : version : 2
2025-07-07T19:31:03.932+09:00  INFO 12356 --- [http-nio-8080-exec-35] c.e.c.i.a.CouponPersistenceAdapter       : version : 2
2025-07-07T19:31:03.949+09:00  INFO 12356 --- [http-nio-8080-exec-183] c.e.c.i.a.CouponPersistenceAdapter       : version : 2
2025-07-07T19:31:03.963+09:00  INFO 12356 --- [http-nio-8080-exec-72] c.e.c.i.a.CouponPersistenceAdapter       : version : 2
2025-07-07T19:31:03.983+09:00  INFO 12356 --- [http-nio-8080-exec-134] c.e.c.i.a.CouponPersistenceAdapter       : version : 2
2025-07-07T19:31:04.010+09:00  INFO 12356 --- [http-nio-8080-exec-159] c.e.c.i.a.CouponPersistenceAdapter       : version : 2
2025-07-07T19:31:04.033+09:00  INFO 12356 --- [http-nio-8080-exec-119] c.e.c.i.a.CouponPersistenceAdapter       : version : 2
2025-07-07T19:31:04.046+09:00  INFO 12356 --- [http-nio-8080-exec-48] c.e.c.i.a.CouponPersistenceAdapter       : version : 2
2025-07-07T19:31:04.062+09:00  INFO 12356 --- [http-nio-8080-exec-172] c.e.c.i.a.CouponPersistenceAdapter       : version : 2
2025-07-07T19:31:04.076+09:00  INFO 12356 --- [http-nio-8080-exec-68] c.e.c.i.a.CouponPersistenceAdapter       : version : 2
2025-07-07T19:31:04.089+09:00  INFO 12356 --- [http-nio-8080-exec-163] c.e.c.i.a.CouponPersistenceAdapter       : version : 2
2025-07-07T19:31:04.104+09:00  INFO 12356 --- [http-nio-8080-exec-105] c.e.c.i.a.CouponPersistenceAdapter       : version : 2
2025-07-07T19:31:04.115+09:00  INFO 12356 --- [http-nio-8080-exec-9] c.e.c.i.a.CouponPersistenceAdapter       : version : 2
2025-07-07T19:31:04.130+09:00  INFO 12356 --- [http-nio-8080-exec-158] c.e.c.i.a.CouponPersistenceAdapter       : version : 2
2025-07-07T19:31:04.148+09:00  INFO 12356 --- [http-nio-8080-exec-132] c.e.c.i.a.CouponPersistenceAdapter       : version : 2
2025-07-07T19:31:04.167+09:00  INFO 12356 --- [http-nio-8080-exec-120] c.e.c.i.a.CouponPersistenceAdapter       : version : 2
2025-07-07T19:31:04.181+09:00  INFO 12356 --- [http-nio-8080-exec-160] c.e.c.i.a.CouponPersistenceAdapter       : version : 2
2025-07-07T19:31:04.209+09:00  INFO 12356 --- [http-nio-8080-exec-130] c.e.c.i.a.CouponPersistenceAdapter       : version : 2
2025-07-07T19:31:04.226+09:00  INFO 12356 --- [http-nio-8080-exec-17] c.e.c.i.a.CouponPersistenceAdapter       : version : 2
2025-07-07T19:31:04.245+09:00  INFO 12356 --- [http-nio-8080-exec-197] c.e.c.i.a.CouponPersistenceAdapter       : version : 2
2025-07-07T19:31:04.268+09:00  INFO 12356 --- [http-nio-8080-exec-26] c.e.c.i.a.CouponPersistenceAdapter       : version : 2
2025-07-07T19:31:04.297+09:00  INFO 12356 --- [http-nio-8080-exec-79] c.e.c.i.a.CouponPersistenceAdapter       : version : 2
2025-07-07T19:31:04.344+09:00  INFO 12356 --- [http-nio-8080-exec-178] c.e.c.i.a.CouponPersistenceAdapter       : version : 2
2025-07-07T19:31:04.373+09:00  INFO 12356 --- [http-nio-8080-exec-117] c.e.c.i.a.CouponPersistenceAdapter       : version : 2
2025-07-07T19:31:04.388+09:00  INFO 12356 --- [http-nio-8080-exec-109] c.e.c.i.a.CouponPersistenceAdapter       : version : 2
2025-07-07T19:31:04.405+09:00  INFO 12356 --- [http-nio-8080-exec-161] c.e.c.i.a.CouponPersistenceAdapter       : version : 2
2025-07-07T19:31:04.421+09:00  INFO 12356 --- [http-nio-8080-exec-187] c.e.c.i.a.CouponPersistenceAdapter       : version : 2
2025-07-07T19:31:04.439+09:00  INFO 12356 --- [http-nio-8080-exec-90] c.e.c.i.a.CouponPersistenceAdapter       : version : 2
2025-07-07T19:31:04.457+09:00  INFO 12356 --- [http-nio-8080-exec-85] c.e.c.i.a.CouponPersistenceAdapter       : version : 2
2025-07-07T19:31:04.471+09:00  INFO 12356 --- [http-nio-8080-exec-62] c.e.c.i.a.CouponPersistenceAdapter       : version : 2
2025-07-07T19:31:04.485+09:00  INFO 12356 --- [http-nio-8080-exec-182] c.e.c.i.a.CouponPersistenceAdapter       : version : 2
2025-07-07T19:31:04.500+09:00  INFO 12356 --- [http-nio-8080-exec-143] c.e.c.i.a.CouponPersistenceAdapter       : version : 2
2025-07-07T19:31:04.512+09:00  INFO 12356 --- [http-nio-8080-exec-11] c.e.c.i.a.CouponPersistenceAdapter       : version : 2
2025-07-07T19:31:04.539+09:00  INFO 12356 --- [http-nio-8080-exec-157] c.e.c.i.a.CouponPersistenceAdapter       : version : 2
2025-07-07T19:31:04.555+09:00  INFO 12356 --- [http-nio-8080-exec-151] c.e.c.i.a.CouponPersistenceAdapter       : version : 2
2025-07-07T19:31:04.571+09:00  INFO 12356 --- [http-nio-8080-exec-31] c.e.c.i.a.CouponPersistenceAdapter       : version : 2
2025-07-07T19:31:04.583+09:00  INFO 12356 --- [http-nio-8080-exec-194] c.e.c.i.a.CouponPersistenceAdapter       : version : 2
2025-07-07T19:31:04.605+09:00  INFO 12356 --- [http-nio-8080-exec-192] c.e.c.i.a.CouponPersistenceAdapter       : version : 2
2025-07-07T19:31:04.633+09:00  INFO 12356 --- [http-nio-8080-exec-114] c.e.c.i.a.CouponPersistenceAdapter       : version : 2
2025-07-07T19:31:04.652+09:00  INFO 12356 --- [http-nio-8080-exec-191] c.e.c.i.a.CouponPersistenceAdapter       : version : 2
2025-07-07T19:31:04.678+09:00  INFO 12356 --- [http-nio-8080-exec-129] c.e.c.i.a.CouponPersistenceAdapter       : version : 2
2025-07-07T19:31:04.693+09:00  INFO 12356 --- [http-nio-8080-exec-118] c.e.c.i.a.CouponPersistenceAdapter       : version : 2
2025-07-07T19:31:04.705+09:00  INFO 12356 --- [http-nio-8080-exec-170] c.e.c.i.a.CouponPersistenceAdapter       : version : 2
2025-07-07T19:31:04.762+09:00  INFO 12356 --- [http-nio-8080-exec-175] c.e.c.i.a.CouponPersistenceAdapter       : version : 2
2025-07-07T19:31:04.797+09:00  INFO 12356 --- [http-nio-8080-exec-89] c.e.c.i.a.CouponPersistenceAdapter       : version : 2
2025-07-07T19:31:04.812+09:00  INFO 12356 --- [http-nio-8080-exec-73] c.e.c.i.a.CouponPersistenceAdapter       : version : 2
2025-07-07T19:31:04.829+09:00  INFO 12356 --- [http-nio-8080-exec-110] c.e.c.i.a.CouponPersistenceAdapter       : version : 2
2025-07-07T19:31:04.844+09:00  INFO 12356 --- [http-nio-8080-exec-200] c.e.c.i.a.CouponPersistenceAdapter       : version : 2
2025-07-07T19:31:04.857+09:00  INFO 12356 --- [http-nio-8080-exec-193] c.e.c.i.a.CouponPersistenceAdapter       : version : 2
2025-07-07T19:31:04.868+09:00  INFO 12356 --- [http-nio-8080-exec-124] c.e.c.i.a.CouponPersistenceAdapter       : version : 2
2025-07-07T19:31:04.921+09:00  INFO 12356 --- [http-nio-8080-exec-164] c.e.c.i.a.CouponPersistenceAdapter       : version : 2
2025-07-07T19:31:04.940+09:00  INFO 12356 --- [http-nio-8080-exec-113] c.e.c.i.a.CouponPersistenceAdapter       : version : 2
2025-07-07T19:31:04.958+09:00  INFO 12356 --- [http-nio-8080-exec-6] c.e.c.i.a.CouponPersistenceAdapter       : version : 3
2025-07-07T19:31:04.978+09:00  INFO 12356 --- [http-nio-8080-exec-101] c.e.c.i.a.CouponPersistenceAdapter       : version : 3
2025-07-07T19:31:04.996+09:00  INFO 12356 --- [http-nio-8080-exec-13] c.e.c.i.a.CouponPersistenceAdapter       : version : 3
2025-07-07T19:31:05.009+09:00  INFO 12356 --- [http-nio-8080-exec-20] c.e.c.i.a.CouponPersistenceAdapter       : version : 3
2025-07-07T19:31:05.021+09:00  INFO 12356 --- [http-nio-8080-exec-95] c.e.c.i.a.CouponPersistenceAdapter       : version : 3
2025-07-07T19:31:05.037+09:00  INFO 12356 --- [http-nio-8080-exec-18] c.e.c.i.a.CouponPersistenceAdapter       : version : 3
2025-07-07T19:31:05.051+09:00  INFO 12356 --- [http-nio-8080-exec-42] c.e.c.i.a.CouponPersistenceAdapter       : version : 3
2025-07-07T19:31:05.061+09:00  INFO 12356 --- [http-nio-8080-exec-67] c.e.c.i.a.CouponPersistenceAdapter       : version : 3
2025-07-07T19:31:05.075+09:00  INFO 12356 --- [http-nio-8080-exec-30] c.e.c.i.a.CouponPersistenceAdapter       : version : 3
2025-07-07T19:31:05.090+09:00  INFO 12356 --- [http-nio-8080-exec-41] c.e.c.i.a.CouponPersistenceAdapter       : version : 3
2025-07-07T19:31:05.103+09:00  INFO 12356 --- [http-nio-8080-exec-12] c.e.c.i.a.CouponPersistenceAdapter       : version : 3
2025-07-07T19:31:05.114+09:00  INFO 12356 --- [http-nio-8080-exec-135] c.e.c.i.a.CouponPersistenceAdapter       : version : 3
2025-07-07T19:31:05.125+09:00  INFO 12356 --- [http-nio-8080-exec-56] c.e.c.i.a.CouponPersistenceAdapter       : version : 3
2025-07-07T19:31:05.138+09:00  INFO 12356 --- [http-nio-8080-exec-47] c.e.c.i.a.CouponPersistenceAdapter       : version : 3
2025-07-07T19:31:05.153+09:00  INFO 12356 --- [http-nio-8080-exec-21] c.e.c.i.a.CouponPersistenceAdapter       : version : 3
2025-07-07T19:31:05.167+09:00  INFO 12356 --- [http-nio-8080-exec-2] c.e.c.i.a.CouponPersistenceAdapter       : version : 3
2025-07-07T19:31:05.179+09:00  INFO 12356 --- [http-nio-8080-exec-36] c.e.c.i.a.CouponPersistenceAdapter       : version : 3
2025-07-07T19:31:05.192+09:00  INFO 12356 --- [http-nio-8080-exec-4] c.e.c.i.a.CouponPersistenceAdapter       : version : 3
2025-07-07T19:31:05.213+09:00  INFO 12356 --- [http-nio-8080-exec-81] c.e.c.i.a.CouponPersistenceAdapter       : version : 3
2025-07-07T19:31:05.228+09:00  INFO 12356 --- [http-nio-8080-exec-61] c.e.c.i.a.CouponPersistenceAdapter       : version : 3
2025-07-07T19:31:05.241+09:00  INFO 12356 --- [http-nio-8080-exec-49] c.e.c.i.a.CouponPersistenceAdapter       : version : 3
2025-07-07T19:31:05.273+09:00  INFO 12356 --- [http-nio-8080-exec-51] c.e.c.i.a.CouponPersistenceAdapter       : version : 3
2025-07-07T19:31:05.304+09:00  INFO 12356 --- [http-nio-8080-exec-40] c.e.c.i.a.CouponPersistenceAdapter       : version : 3
2025-07-07T19:31:05.338+09:00  INFO 12356 --- [http-nio-8080-exec-5] c.e.c.i.a.CouponPersistenceAdapter       : version : 3
2025-07-07T19:31:05.351+09:00  INFO 12356 --- [http-nio-8080-exec-3] c.e.c.i.a.CouponPersistenceAdapter       : version : 3
2025-07-07T19:31:05.365+09:00  INFO 12356 --- [http-nio-8080-exec-100] c.e.c.i.a.CouponPersistenceAdapter       : version : 3
2025-07-07T19:31:05.380+09:00  INFO 12356 --- [http-nio-8080-exec-28] c.e.c.i.a.CouponPersistenceAdapter       : version : 3
2025-07-07T19:31:05.392+09:00  INFO 12356 --- [http-nio-8080-exec-55] c.e.c.i.a.CouponPersistenceAdapter       : version : 3
2025-07-07T19:31:05.406+09:00  INFO 12356 --- [http-nio-8080-exec-44] c.e.c.i.a.CouponPersistenceAdapter       : version : 3
2025-07-07T19:31:05.417+09:00  INFO 12356 --- [http-nio-8080-exec-96] c.e.c.i.a.CouponPersistenceAdapter       : version : 3
2025-07-07T19:31:05.438+09:00  INFO 12356 --- [http-nio-8080-exec-106] c.e.c.i.a.CouponPersistenceAdapter       : version : 3
2025-07-07T19:31:05.452+09:00  INFO 12356 --- [http-nio-8080-exec-39] c.e.c.i.a.CouponPersistenceAdapter       : version : 3
2025-07-07T19:31:05.495+09:00  INFO 12356 --- [http-nio-8080-exec-38] c.e.c.i.a.CouponPersistenceAdapter       : version : 3
2025-07-07T19:31:05.508+09:00  INFO 12356 --- [http-nio-8080-exec-1] c.e.c.i.a.CouponPersistenceAdapter       : version : 3
2025-07-07T19:31:05.525+09:00  INFO 12356 --- [http-nio-8080-exec-34] c.e.c.i.a.CouponPersistenceAdapter       : version : 3
2025-07-07T19:31:05.539+09:00  INFO 12356 --- [http-nio-8080-exec-53] c.e.c.i.a.CouponPersistenceAdapter       : version : 3
2025-07-07T19:31:05.550+09:00  INFO 12356 --- [http-nio-8080-exec-87] c.e.c.i.a.CouponPersistenceAdapter       : version : 3
2025-07-07T19:31:05.561+09:00  INFO 12356 --- [http-nio-8080-exec-107] c.e.c.i.a.CouponPersistenceAdapter       : version : 3
2025-07-07T19:31:05.573+09:00  INFO 12356 --- [http-nio-8080-exec-33] c.e.c.i.a.CouponPersistenceAdapter       : version : 3
2025-07-07T19:31:05.586+09:00  INFO 12356 --- [http-nio-8080-exec-50] c.e.c.i.a.CouponPersistenceAdapter       : version : 3
2025-07-07T19:31:05.600+09:00  INFO 12356 --- [http-nio-8080-exec-7] c.e.c.i.a.CouponPersistenceAdapter       : version : 3
2025-07-07T19:31:05.612+09:00  INFO 12356 --- [http-nio-8080-exec-14] c.e.c.i.a.CouponPersistenceAdapter       : version : 3
2025-07-07T19:31:05.640+09:00  INFO 12356 --- [http-nio-8080-exec-54] c.e.c.i.a.CouponPersistenceAdapter       : version : 3
2025-07-07T19:31:05.651+09:00  INFO 12356 --- [http-nio-8080-exec-29] c.e.c.i.a.CouponPersistenceAdapter       : version : 3
2025-07-07T19:31:05.662+09:00  INFO 12356 --- [http-nio-8080-exec-22] c.e.c.i.a.CouponPersistenceAdapter       : version : 3
2025-07-07T19:31:05.677+09:00  INFO 12356 --- [http-nio-8080-exec-144] c.e.c.i.a.CouponPersistenceAdapter       : version : 3
2025-07-07T19:31:05.692+09:00  INFO 12356 --- [http-nio-8080-exec-24] c.e.c.i.a.CouponPersistenceAdapter       : version : 3
2025-07-07T19:31:05.703+09:00  INFO 12356 --- [http-nio-8080-exec-15] c.e.c.i.a.CouponPersistenceAdapter       : version : 3
2025-07-07T19:31:05.720+09:00  INFO 12356 --- [http-nio-8080-exec-166] c.e.c.i.a.CouponPersistenceAdapter       : version : 3
2025-07-07T19:31:05.735+09:00  INFO 12356 --- [http-nio-8080-exec-93] c.e.c.i.a.CouponPersistenceAdapter       : version : 3
2025-07-07T19:31:05.747+09:00  INFO 12356 --- [http-nio-8080-exec-32] c.e.c.i.a.CouponPersistenceAdapter       : version : 3
2025-07-07T19:31:05.764+09:00  INFO 12356 --- [http-nio-8080-exec-136] c.e.c.i.a.CouponPersistenceAdapter       : version : 3
2025-07-07T19:31:05.779+09:00  INFO 12356 --- [http-nio-8080-exec-70] c.e.c.i.a.CouponPersistenceAdapter       : version : 3
2025-07-07T19:31:05.796+09:00  INFO 12356 --- [http-nio-8080-exec-19] c.e.c.i.a.CouponPersistenceAdapter       : version : 3
2025-07-07T19:31:05.809+09:00  INFO 12356 --- [http-nio-8080-exec-71] c.e.c.i.a.CouponPersistenceAdapter       : version : 3
2025-07-07T19:31:05.830+09:00  INFO 12356 --- [http-nio-8080-exec-10] c.e.c.i.a.CouponPersistenceAdapter       : version : 3
2025-07-07T19:31:05.848+09:00  INFO 12356 --- [http-nio-8080-exec-43] c.e.c.i.a.CouponPersistenceAdapter       : version : 3
2025-07-07T19:31:05.866+09:00  INFO 12356 --- [http-nio-8080-exec-147] c.e.c.i.a.CouponPersistenceAdapter       : version : 3
2025-07-07T19:31:05.880+09:00  INFO 12356 --- [http-nio-8080-exec-131] c.e.c.i.a.CouponPersistenceAdapter       : version : 3
2025-07-07T19:31:05.894+09:00  INFO 12356 --- [http-nio-8080-exec-104] c.e.c.i.a.CouponPersistenceAdapter       : version : 3
2025-07-07T19:31:05.907+09:00  INFO 12356 --- [http-nio-8080-exec-37] c.e.c.i.a.CouponPersistenceAdapter       : version : 3
2025-07-07T19:31:05.921+09:00  INFO 12356 --- [http-nio-8080-exec-80] c.e.c.i.a.CouponPersistenceAdapter       : version : 3
2025-07-07T19:31:05.935+09:00  INFO 12356 --- [http-nio-8080-exec-102] c.e.c.i.a.CouponPersistenceAdapter       : version : 3
2025-07-07T19:31:05.949+09:00  INFO 12356 --- [http-nio-8080-exec-16] c.e.c.i.a.CouponPersistenceAdapter       : version : 3
2025-07-07T19:31:05.962+09:00  INFO 12356 --- [http-nio-8080-exec-66] c.e.c.i.a.CouponPersistenceAdapter       : version : 3
2025-07-07T19:31:05.979+09:00  INFO 12356 --- [http-nio-8080-exec-92] c.e.c.i.a.CouponPersistenceAdapter       : version : 3
2025-07-07T19:31:05.992+09:00  INFO 12356 --- [http-nio-8080-exec-138] c.e.c.i.a.CouponPersistenceAdapter       : version : 3
2025-07-07T19:31:06.004+09:00  INFO 12356 --- [http-nio-8080-exec-59] c.e.c.i.a.CouponPersistenceAdapter       : version : 3
2025-07-07T19:31:06.015+09:00  INFO 12356 --- [http-nio-8080-exec-122] c.e.c.i.a.CouponPersistenceAdapter       : version : 3
2025-07-07T19:31:06.027+09:00  INFO 12356 --- [http-nio-8080-exec-177] c.e.c.i.a.CouponPersistenceAdapter       : version : 3
2025-07-07T19:31:06.050+09:00  INFO 12356 --- [http-nio-8080-exec-52] c.e.c.i.a.CouponPersistenceAdapter       : version : 3
2025-07-07T19:31:06.067+09:00  INFO 12356 --- [http-nio-8080-exec-69] c.e.c.i.a.CouponPersistenceAdapter       : version : 3
2025-07-07T19:31:06.079+09:00  INFO 12356 --- [http-nio-8080-exec-27] c.e.c.i.a.CouponPersistenceAdapter       : version : 3
2025-07-07T19:31:06.092+09:00  INFO 12356 --- [http-nio-8080-exec-78] c.e.c.i.a.CouponPersistenceAdapter       : version : 3
2025-07-07T19:31:06.104+09:00  INFO 12356 --- [http-nio-8080-exec-63] c.e.c.i.a.CouponPersistenceAdapter       : version : 3
2025-07-07T19:31:06.120+09:00  INFO 12356 --- [http-nio-8080-exec-149] c.e.c.i.a.CouponPersistenceAdapter       : version : 3
2025-07-07T19:31:06.132+09:00  INFO 12356 --- [http-nio-8080-exec-153] c.e.c.i.a.CouponPersistenceAdapter       : version : 3
2025-07-07T19:31:06.146+09:00  INFO 12356 --- [http-nio-8080-exec-65] c.e.c.i.a.CouponPersistenceAdapter       : version : 3
2025-07-07T19:31:06.168+09:00  INFO 12356 --- [http-nio-8080-exec-64] c.e.c.i.a.CouponPersistenceAdapter       : version : 3
2025-07-07T19:31:06.178+09:00  INFO 12356 --- [http-nio-8080-exec-125] c.e.c.i.a.CouponPersistenceAdapter       : version : 3
2025-07-07T19:31:06.190+09:00  INFO 12356 --- [http-nio-8080-exec-77] c.e.c.i.a.CouponPersistenceAdapter       : version : 3
2025-07-07T19:31:06.210+09:00  INFO 12356 --- [http-nio-8080-exec-140] c.e.c.i.a.CouponPersistenceAdapter       : version : 3
2025-07-07T19:31:06.224+09:00  INFO 12356 --- [http-nio-8080-exec-145] c.e.c.i.a.CouponPersistenceAdapter       : version : 3
2025-07-07T19:31:06.239+09:00  INFO 12356 --- [http-nio-8080-exec-169] c.e.c.i.a.CouponPersistenceAdapter       : version : 3
2025-07-07T19:31:06.252+09:00  INFO 12356 --- [http-nio-8080-exec-190] c.e.c.i.a.CouponPersistenceAdapter       : version : 3
2025-07-07T19:31:06.262+09:00  INFO 12356 --- [http-nio-8080-exec-155] c.e.c.i.a.CouponPersistenceAdapter       : version : 3
2025-07-07T19:31:06.274+09:00  INFO 12356 --- [http-nio-8080-exec-198] c.e.c.i.a.CouponPersistenceAdapter       : version : 3
2025-07-07T19:31:06.286+09:00  INFO 12356 --- [http-nio-8080-exec-91] c.e.c.i.a.CouponPersistenceAdapter       : version : 3
2025-07-07T19:31:06.306+09:00  INFO 12356 --- [http-nio-8080-exec-185] c.e.c.i.a.CouponPersistenceAdapter       : version : 3
2025-07-07T19:31:06.320+09:00  INFO 12356 --- [http-nio-8080-exec-123] c.e.c.i.a.CouponPersistenceAdapter       : version : 3
2025-07-07T19:31:06.329+09:00  INFO 12356 --- [http-nio-8080-exec-176] c.e.c.i.a.CouponPersistenceAdapter       : version : 3
2025-07-07T19:31:06.349+09:00  INFO 12356 --- [http-nio-8080-exec-25] c.e.c.i.a.CouponPersistenceAdapter       : version : 3
2025-07-07T19:31:06.360+09:00  INFO 12356 --- [http-nio-8080-exec-195] c.e.c.i.a.CouponPersistenceAdapter       : version : 3
2025-07-07T19:31:06.371+09:00  INFO 12356 --- [http-nio-8080-exec-184] c.e.c.i.a.CouponPersistenceAdapter       : version : 3
2025-07-07T19:31:06.380+09:00  INFO 12356 --- [http-nio-8080-exec-173] c.e.c.i.a.CouponPersistenceAdapter       : version : 3
2025-07-07T19:31:06.392+09:00  INFO 12356 --- [http-nio-8080-exec-88] c.e.c.i.a.CouponPersistenceAdapter       : version : 3
2025-07-07T19:31:06.403+09:00  INFO 12356 --- [http-nio-8080-exec-108] c.e.c.i.a.CouponPersistenceAdapter       : version : 3
2025-07-07T19:31:06.413+09:00  INFO 12356 --- [http-nio-8080-exec-116] c.e.c.i.a.CouponPersistenceAdapter       : version : 3
2025-07-07T19:31:06.424+09:00  INFO 12356 --- [http-nio-8080-exec-174] c.e.c.i.a.CouponPersistenceAdapter       : version : 3
2025-07-07T19:31:06.436+09:00  INFO 12356 --- [http-nio-8080-exec-126] c.e.c.i.a.CouponPersistenceAdapter       : version : 3
2025-07-07T19:31:06.447+09:00  INFO 12356 --- [http-nio-8080-exec-121] c.e.c.i.a.CouponPersistenceAdapter       : version : 3
2025-07-07T19:31:06.462+09:00  INFO 12356 --- [http-nio-8080-exec-46] c.e.c.i.a.CouponPersistenceAdapter       : version : 3
2025-07-07T19:31:06.475+09:00  INFO 12356 --- [http-nio-8080-exec-74] c.e.c.i.a.CouponPersistenceAdapter       : version : 3
2025-07-07T19:31:06.488+09:00  INFO 12356 --- [http-nio-8080-exec-199] c.e.c.i.a.CouponPersistenceAdapter       : version : 3
2025-07-07T19:31:06.503+09:00  INFO 12356 --- [http-nio-8080-exec-189] c.e.c.i.a.CouponPersistenceAdapter       : version : 3
2025-07-07T19:31:06.537+09:00  INFO 12356 --- [http-nio-8080-exec-103] c.e.c.i.a.CouponPersistenceAdapter       : version : 3
2025-07-07T19:31:06.559+09:00  INFO 12356 --- [http-nio-8080-exec-154] c.e.c.i.a.CouponPersistenceAdapter       : version : 3
2025-07-07T19:31:06.578+09:00  INFO 12356 --- [http-nio-8080-exec-141] c.e.c.i.a.CouponPersistenceAdapter       : version : 3
2025-07-07T19:31:06.596+09:00  INFO 12356 --- [http-nio-8080-exec-180] c.e.c.i.a.CouponPersistenceAdapter       : version : 3
2025-07-07T19:31:06.608+09:00  INFO 12356 --- [http-nio-8080-exec-75] c.e.c.i.a.CouponPersistenceAdapter       : version : 3
2025-07-07T19:31:06.618+09:00  INFO 12356 --- [http-nio-8080-exec-86] c.e.c.i.a.CouponPersistenceAdapter       : version : 3
2025-07-07T19:31:06.627+09:00  INFO 12356 --- [http-nio-8080-exec-127] c.e.c.i.a.CouponPersistenceAdapter       : version : 3
2025-07-07T19:31:06.638+09:00  INFO 12356 --- [http-nio-8080-exec-112] c.e.c.i.a.CouponPersistenceAdapter       : version : 3
2025-07-07T19:31:06.654+09:00  INFO 12356 --- [http-nio-8080-exec-142] c.e.c.i.a.CouponPersistenceAdapter       : version : 3
2025-07-07T19:31:06.669+09:00  INFO 12356 --- [http-nio-8080-exec-150] c.e.c.i.a.CouponPersistenceAdapter       : version : 3
2025-07-07T19:31:06.683+09:00  INFO 12356 --- [http-nio-8080-exec-165] c.e.c.i.a.CouponPersistenceAdapter       : version : 3
2025-07-07T19:31:06.701+09:00  INFO 12356 --- [http-nio-8080-exec-45] c.e.c.i.a.CouponPersistenceAdapter       : version : 3
2025-07-07T19:31:06.718+09:00  INFO 12356 --- [http-nio-8080-exec-8] c.e.c.i.a.CouponPersistenceAdapter       : version : 3
2025-07-07T19:31:06.731+09:00  INFO 12356 --- [http-nio-8080-exec-179] c.e.c.i.a.CouponPersistenceAdapter       : version : 3
2025-07-07T19:31:06.749+09:00  INFO 12356 --- [http-nio-8080-exec-186] c.e.c.i.a.CouponPersistenceAdapter       : version : 3
2025-07-07T19:31:06.764+09:00  INFO 12356 --- [http-nio-8080-exec-83] c.e.c.i.a.CouponPersistenceAdapter       : version : 3
2025-07-07T19:31:06.777+09:00  INFO 12356 --- [http-nio-8080-exec-99] c.e.c.i.a.CouponPersistenceAdapter       : version : 3
2025-07-07T19:31:06.792+09:00  INFO 12356 --- [http-nio-8080-exec-188] c.e.c.i.a.CouponPersistenceAdapter       : version : 3
2025-07-07T19:31:06.805+09:00  INFO 12356 --- [http-nio-8080-exec-94] c.e.c.i.a.CouponPersistenceAdapter       : version : 3
2025-07-07T19:31:06.825+09:00  INFO 12356 --- [http-nio-8080-exec-58] c.e.c.i.a.CouponPersistenceAdapter       : version : 3
2025-07-07T19:31:06.843+09:00  INFO 12356 --- [http-nio-8080-exec-196] c.e.c.i.a.CouponPersistenceAdapter       : version : 3
2025-07-07T19:31:06.856+09:00  INFO 12356 --- [http-nio-8080-exec-167] c.e.c.i.a.CouponPersistenceAdapter       : version : 3
2025-07-07T19:31:06.866+09:00  INFO 12356 --- [http-nio-8080-exec-148] c.e.c.i.a.CouponPersistenceAdapter       : version : 3
2025-07-07T19:31:06.876+09:00  INFO 12356 --- [http-nio-8080-exec-139] c.e.c.i.a.CouponPersistenceAdapter       : version : 3
2025-07-07T19:31:06.888+09:00  INFO 12356 --- [http-nio-8080-exec-76] c.e.c.i.a.CouponPersistenceAdapter       : version : 3
2025-07-07T19:31:06.900+09:00  INFO 12356 --- [http-nio-8080-exec-97] c.e.c.i.a.CouponPersistenceAdapter       : version : 3
2025-07-07T19:31:06.912+09:00  INFO 12356 --- [http-nio-8080-exec-111] c.e.c.i.a.CouponPersistenceAdapter       : version : 3
2025-07-07T19:31:06.925+09:00  INFO 12356 --- [http-nio-8080-exec-115] c.e.c.i.a.CouponPersistenceAdapter       : version : 3
2025-07-07T19:31:06.947+09:00  INFO 12356 --- [http-nio-8080-exec-23] c.e.c.i.a.CouponPersistenceAdapter       : version : 3
2025-07-07T19:31:06.973+09:00  INFO 12356 --- [http-nio-8080-exec-162] c.e.c.i.a.CouponPersistenceAdapter       : version : 3
2025-07-07T19:31:06.994+09:00  INFO 12356 --- [http-nio-8080-exec-98] c.e.c.i.a.CouponPersistenceAdapter       : version : 3
2025-07-07T19:31:07.006+09:00  INFO 12356 --- [http-nio-8080-exec-128] c.e.c.i.a.CouponPersistenceAdapter       : version : 3
2025-07-07T19:31:07.017+09:00  INFO 12356 --- [http-nio-8080-exec-57] c.e.c.i.a.CouponPersistenceAdapter       : version : 3
2025-07-07T19:31:07.030+09:00  INFO 12356 --- [http-nio-8080-exec-60] c.e.c.i.a.CouponPersistenceAdapter       : version : 3
2025-07-07T19:31:07.043+09:00  INFO 12356 --- [http-nio-8080-exec-133] c.e.c.i.a.CouponPersistenceAdapter       : version : 3
2025-07-07T19:31:07.054+09:00  INFO 12356 --- [http-nio-8080-exec-156] c.e.c.i.a.CouponPersistenceAdapter       : version : 3
2025-07-07T19:31:07.067+09:00  INFO 12356 --- [http-nio-8080-exec-82] c.e.c.i.a.CouponPersistenceAdapter       : version : 3
2025-07-07T19:31:07.081+09:00  INFO 12356 --- [http-nio-8080-exec-84] c.e.c.i.a.CouponPersistenceAdapter       : version : 3
2025-07-07T19:31:07.099+09:00  INFO 12356 --- [http-nio-8080-exec-181] c.e.c.i.a.CouponPersistenceAdapter       : version : 3
2025-07-07T19:31:07.110+09:00  INFO 12356 --- [http-nio-8080-exec-152] c.e.c.i.a.CouponPersistenceAdapter       : version : 3
2025-07-07T19:31:07.122+09:00  INFO 12356 --- [http-nio-8080-exec-168] c.e.c.i.a.CouponPersistenceAdapter       : version : 3
2025-07-07T19:31:07.134+09:00  INFO 12356 --- [http-nio-8080-exec-171] c.e.c.i.a.CouponPersistenceAdapter       : version : 3
2025-07-07T19:31:07.156+09:00  INFO 12356 --- [http-nio-8080-exec-137] c.e.c.i.a.CouponPersistenceAdapter       : version : 3
2025-07-07T19:31:07.167+09:00  INFO 12356 --- [http-nio-8080-exec-146] c.e.c.i.a.CouponPersistenceAdapter       : version : 3
2025-07-07T19:31:07.181+09:00  INFO 12356 --- [http-nio-8080-exec-35] c.e.c.i.a.CouponPersistenceAdapter       : version : 3
2025-07-07T19:31:07.193+09:00  INFO 12356 --- [http-nio-8080-exec-183] c.e.c.i.a.CouponPersistenceAdapter       : version : 3
2025-07-07T19:31:07.208+09:00  INFO 12356 --- [http-nio-8080-exec-72] c.e.c.i.a.CouponPersistenceAdapter       : version : 3
2025-07-07T19:31:07.217+09:00  INFO 12356 --- [http-nio-8080-exec-134] c.e.c.i.a.CouponPersistenceAdapter       : version : 3
2025-07-07T19:31:07.228+09:00  INFO 12356 --- [http-nio-8080-exec-159] c.e.c.i.a.CouponPersistenceAdapter       : version : 3
2025-07-07T19:31:07.250+09:00  INFO 12356 --- [http-nio-8080-exec-119] c.e.c.i.a.CouponPersistenceAdapter       : version : 3
2025-07-07T19:31:07.265+09:00  INFO 12356 --- [http-nio-8080-exec-48] c.e.c.i.a.CouponPersistenceAdapter       : version : 3
2025-07-07T19:31:07.276+09:00  INFO 12356 --- [http-nio-8080-exec-172] c.e.c.i.a.CouponPersistenceAdapter       : version : 3
2025-07-07T19:31:07.292+09:00  INFO 12356 --- [http-nio-8080-exec-68] c.e.c.i.a.CouponPersistenceAdapter       : version : 3
2025-07-07T19:31:07.311+09:00  INFO 12356 --- [http-nio-8080-exec-163] c.e.c.i.a.CouponPersistenceAdapter       : version : 3
2025-07-07T19:31:07.325+09:00  INFO 12356 --- [http-nio-8080-exec-105] c.e.c.i.a.CouponPersistenceAdapter       : version : 3
2025-07-07T19:31:07.336+09:00  INFO 12356 --- [http-nio-8080-exec-9] c.e.c.i.a.CouponPersistenceAdapter       : version : 3
2025-07-07T19:31:07.346+09:00  INFO 12356 --- [http-nio-8080-exec-158] c.e.c.i.a.CouponPersistenceAdapter       : version : 3
2025-07-07T19:31:07.361+09:00  INFO 12356 --- [http-nio-8080-exec-132] c.e.c.i.a.CouponPersistenceAdapter       : version : 3
2025-07-07T19:31:07.374+09:00  INFO 12356 --- [http-nio-8080-exec-120] c.e.c.i.a.CouponPersistenceAdapter       : version : 3
2025-07-07T19:31:07.390+09:00  INFO 12356 --- [http-nio-8080-exec-160] c.e.c.i.a.CouponPersistenceAdapter       : version : 3
2025-07-07T19:31:07.401+09:00  INFO 12356 --- [http-nio-8080-exec-130] c.e.c.i.a.CouponPersistenceAdapter       : version : 3
2025-07-07T19:31:07.418+09:00  INFO 12356 --- [http-nio-8080-exec-17] c.e.c.i.a.CouponPersistenceAdapter       : version : 3
2025-07-07T19:31:07.430+09:00  INFO 12356 --- [http-nio-8080-exec-197] c.e.c.i.a.CouponPersistenceAdapter       : version : 3
2025-07-07T19:31:07.446+09:00  INFO 12356 --- [http-nio-8080-exec-26] c.e.c.i.a.CouponPersistenceAdapter       : version : 3
2025-07-07T19:31:07.462+09:00  INFO 12356 --- [http-nio-8080-exec-79] c.e.c.i.a.CouponPersistenceAdapter       : version : 3
2025-07-07T19:31:07.481+09:00  INFO 12356 --- [http-nio-8080-exec-178] c.e.c.i.a.CouponPersistenceAdapter       : version : 3
2025-07-07T19:31:07.498+09:00  INFO 12356 --- [http-nio-8080-exec-117] c.e.c.i.a.CouponPersistenceAdapter       : version : 3
2025-07-07T19:31:07.510+09:00  INFO 12356 --- [http-nio-8080-exec-109] c.e.c.i.a.CouponPersistenceAdapter       : version : 3
2025-07-07T19:31:07.524+09:00  INFO 12356 --- [http-nio-8080-exec-161] c.e.c.i.a.CouponPersistenceAdapter       : version : 3
2025-07-07T19:31:07.539+09:00  INFO 12356 --- [http-nio-8080-exec-187] c.e.c.i.a.CouponPersistenceAdapter       : version : 3
2025-07-07T19:31:07.553+09:00  INFO 12356 --- [http-nio-8080-exec-90] c.e.c.i.a.CouponPersistenceAdapter       : version : 3
2025-07-07T19:31:07.566+09:00  INFO 12356 --- [http-nio-8080-exec-85] c.e.c.i.a.CouponPersistenceAdapter       : version : 3
2025-07-07T19:31:07.580+09:00  INFO 12356 --- [http-nio-8080-exec-62] c.e.c.i.a.CouponPersistenceAdapter       : version : 3
2025-07-07T19:31:07.593+09:00  INFO 12356 --- [http-nio-8080-exec-182] c.e.c.i.a.CouponPersistenceAdapter       : version : 3
2025-07-07T19:31:07.607+09:00  INFO 12356 --- [http-nio-8080-exec-143] c.e.c.i.a.CouponPersistenceAdapter       : version : 3
2025-07-07T19:31:07.621+09:00  INFO 12356 --- [http-nio-8080-exec-11] c.e.c.i.a.CouponPersistenceAdapter       : version : 3
2025-07-07T19:31:07.637+09:00  INFO 12356 --- [http-nio-8080-exec-157] c.e.c.i.a.CouponPersistenceAdapter       : version : 3
2025-07-07T19:31:07.647+09:00  INFO 12356 --- [http-nio-8080-exec-151] c.e.c.i.a.CouponPersistenceAdapter       : version : 3
2025-07-07T19:31:07.660+09:00  INFO 12356 --- [http-nio-8080-exec-31] c.e.c.i.a.CouponPersistenceAdapter       : version : 3
2025-07-07T19:31:07.671+09:00  INFO 12356 --- [http-nio-8080-exec-194] c.e.c.i.a.CouponPersistenceAdapter       : version : 3
2025-07-07T19:31:07.684+09:00  INFO 12356 --- [http-nio-8080-exec-192] c.e.c.i.a.CouponPersistenceAdapter       : version : 3
2025-07-07T19:31:07.695+09:00  INFO 12356 --- [http-nio-8080-exec-114] c.e.c.i.a.CouponPersistenceAdapter       : version : 3
2025-07-07T19:31:07.705+09:00  INFO 12356 --- [http-nio-8080-exec-191] c.e.c.i.a.CouponPersistenceAdapter       : version : 3
2025-07-07T19:31:07.719+09:00  INFO 12356 --- [http-nio-8080-exec-129] c.e.c.i.a.CouponPersistenceAdapter       : version : 3
2025-07-07T19:31:07.729+09:00  INFO 12356 --- [http-nio-8080-exec-118] c.e.c.i.a.CouponPersistenceAdapter       : version : 3
2025-07-07T19:31:07.742+09:00  INFO 12356 --- [http-nio-8080-exec-170] c.e.c.i.a.CouponPersistenceAdapter       : version : 3
2025-07-07T19:31:07.753+09:00  INFO 12356 --- [http-nio-8080-exec-175] c.e.c.i.a.CouponPersistenceAdapter       : version : 3
2025-07-07T19:31:07.768+09:00  INFO 12356 --- [http-nio-8080-exec-89] c.e.c.i.a.CouponPersistenceAdapter       : version : 3
2025-07-07T19:31:07.781+09:00  INFO 12356 --- [http-nio-8080-exec-73] c.e.c.i.a.CouponPersistenceAdapter       : version : 3
2025-07-07T19:31:07.795+09:00  INFO 12356 --- [http-nio-8080-exec-110] c.e.c.i.a.CouponPersistenceAdapter       : version : 3
2025-07-07T19:31:07.807+09:00  INFO 12356 --- [http-nio-8080-exec-200] c.e.c.i.a.CouponPersistenceAdapter       : version : 3
2025-07-07T19:31:07.817+09:00  INFO 12356 --- [http-nio-8080-exec-193] c.e.c.i.a.CouponPersistenceAdapter       : version : 3
2025-07-07T19:31:07.831+09:00  INFO 12356 --- [http-nio-8080-exec-124] c.e.c.i.a.CouponPersistenceAdapter       : version : 3
2025-07-07T19:31:07.843+09:00  INFO 12356 --- [http-nio-8080-exec-164] c.e.c.i.a.CouponPersistenceAdapter       : version : 3
2025-07-07T19:31:07.868+09:00  INFO 12356 --- [http-nio-8080-exec-113] c.e.c.i.a.CouponPersistenceAdapter       : version : 3
2025-07-07T19:31:07.886+09:00  INFO 12356 --- [http-nio-8080-exec-6] c.e.c.i.a.CouponPersistenceAdapter       : version : 4
2025-07-07T19:31:07.900+09:00  INFO 12356 --- [http-nio-8080-exec-101] c.e.c.i.a.CouponPersistenceAdapter       : version : 4
2025-07-07T19:31:07.913+09:00  INFO 12356 --- [http-nio-8080-exec-13] c.e.c.i.a.CouponPersistenceAdapter       : version : 4
2025-07-07T19:31:07.925+09:00  INFO 12356 --- [http-nio-8080-exec-20] c.e.c.i.a.CouponPersistenceAdapter       : version : 4
2025-07-07T19:31:07.941+09:00  INFO 12356 --- [http-nio-8080-exec-95] c.e.c.i.a.CouponPersistenceAdapter       : version : 4
2025-07-07T19:31:07.954+09:00  INFO 12356 --- [http-nio-8080-exec-18] c.e.c.i.a.CouponPersistenceAdapter       : version : 4
2025-07-07T19:31:07.968+09:00  INFO 12356 --- [http-nio-8080-exec-42] c.e.c.i.a.CouponPersistenceAdapter       : version : 4
2025-07-07T19:31:07.978+09:00  INFO 12356 --- [http-nio-8080-exec-67] c.e.c.i.a.CouponPersistenceAdapter       : version : 4
2025-07-07T19:31:07.989+09:00  INFO 12356 --- [http-nio-8080-exec-30] c.e.c.i.a.CouponPersistenceAdapter       : version : 4
2025-07-07T19:31:08.000+09:00  INFO 12356 --- [http-nio-8080-exec-41] c.e.c.i.a.CouponPersistenceAdapter       : version : 4
2025-07-07T19:31:08.010+09:00  INFO 12356 --- [http-nio-8080-exec-12] c.e.c.i.a.CouponPersistenceAdapter       : version : 4
2025-07-07T19:31:08.021+09:00  INFO 12356 --- [http-nio-8080-exec-135] c.e.c.i.a.CouponPersistenceAdapter       : version : 4
2025-07-07T19:31:08.049+09:00  INFO 12356 --- [http-nio-8080-exec-56] c.e.c.i.a.CouponPersistenceAdapter       : version : 4
2025-07-07T19:31:08.062+09:00  INFO 12356 --- [http-nio-8080-exec-47] c.e.c.i.a.CouponPersistenceAdapter       : version : 4
2025-07-07T19:31:08.071+09:00  INFO 12356 --- [http-nio-8080-exec-21] c.e.c.i.a.CouponPersistenceAdapter       : version : 4
2025-07-07T19:31:08.086+09:00  INFO 12356 --- [http-nio-8080-exec-2] c.e.c.i.a.CouponPersistenceAdapter       : version : 4
2025-07-07T19:31:08.095+09:00  INFO 12356 --- [http-nio-8080-exec-36] c.e.c.i.a.CouponPersistenceAdapter       : version : 4
2025-07-07T19:31:08.108+09:00  INFO 12356 --- [http-nio-8080-exec-4] c.e.c.i.a.CouponPersistenceAdapter       : version : 4
2025-07-07T19:31:08.120+09:00  INFO 12356 --- [http-nio-8080-exec-81] c.e.c.i.a.CouponPersistenceAdapter       : version : 4
2025-07-07T19:31:08.130+09:00  INFO 12356 --- [http-nio-8080-exec-61] c.e.c.i.a.CouponPersistenceAdapter       : version : 4
2025-07-07T19:31:08.142+09:00  INFO 12356 --- [http-nio-8080-exec-49] c.e.c.i.a.CouponPersistenceAdapter       : version : 4
2025-07-07T19:31:08.153+09:00  INFO 12356 --- [http-nio-8080-exec-51] c.e.c.i.a.CouponPersistenceAdapter       : version : 4
2025-07-07T19:31:08.167+09:00  INFO 12356 --- [http-nio-8080-exec-40] c.e.c.i.a.CouponPersistenceAdapter       : version : 4
2025-07-07T19:31:08.185+09:00  INFO 12356 --- [http-nio-8080-exec-5] c.e.c.i.a.CouponPersistenceAdapter       : version : 4
2025-07-07T19:31:08.204+09:00  INFO 12356 --- [http-nio-8080-exec-3] c.e.c.i.a.CouponPersistenceAdapter       : version : 4
2025-07-07T19:31:08.223+09:00  INFO 12356 --- [http-nio-8080-exec-100] c.e.c.i.a.CouponPersistenceAdapter       : version : 4
2025-07-07T19:31:08.238+09:00  INFO 12356 --- [http-nio-8080-exec-28] c.e.c.i.a.CouponPersistenceAdapter       : version : 4
2025-07-07T19:31:08.260+09:00  INFO 12356 --- [http-nio-8080-exec-55] c.e.c.i.a.CouponPersistenceAdapter       : version : 4
2025-07-07T19:31:08.273+09:00  INFO 12356 --- [http-nio-8080-exec-44] c.e.c.i.a.CouponPersistenceAdapter       : version : 4
2025-07-07T19:31:08.291+09:00  INFO 12356 --- [http-nio-8080-exec-96] c.e.c.i.a.CouponPersistenceAdapter       : version : 4
2025-07-07T19:31:08.308+09:00  INFO 12356 --- [http-nio-8080-exec-106] c.e.c.i.a.CouponPersistenceAdapter       : version : 4
2025-07-07T19:31:08.340+09:00  INFO 12356 --- [http-nio-8080-exec-39] c.e.c.i.a.CouponPersistenceAdapter       : version : 4
2025-07-07T19:31:08.353+09:00  INFO 12356 --- [http-nio-8080-exec-38] c.e.c.i.a.CouponPersistenceAdapter       : version : 4
2025-07-07T19:31:08.376+09:00  INFO 12356 --- [http-nio-8080-exec-1] c.e.c.i.a.CouponPersistenceAdapter       : version : 4
2025-07-07T19:31:08.386+09:00  INFO 12356 --- [http-nio-8080-exec-34] c.e.c.i.a.CouponPersistenceAdapter       : version : 4
2025-07-07T19:31:08.396+09:00  INFO 12356 --- [http-nio-8080-exec-53] c.e.c.i.a.CouponPersistenceAdapter       : version : 4
2025-07-07T19:31:08.408+09:00  INFO 12356 --- [http-nio-8080-exec-87] c.e.c.i.a.CouponPersistenceAdapter       : version : 4
2025-07-07T19:31:08.416+09:00  INFO 12356 --- [http-nio-8080-exec-107] c.e.c.i.a.CouponPersistenceAdapter       : version : 4
2025-07-07T19:31:08.428+09:00  INFO 12356 --- [http-nio-8080-exec-33] c.e.c.i.a.CouponPersistenceAdapter       : version : 4
2025-07-07T19:31:08.449+09:00  INFO 12356 --- [http-nio-8080-exec-50] c.e.c.i.a.CouponPersistenceAdapter       : version : 4
2025-07-07T19:31:08.469+09:00  INFO 12356 --- [http-nio-8080-exec-7] c.e.c.i.a.CouponPersistenceAdapter       : version : 4
2025-07-07T19:31:08.480+09:00  INFO 12356 --- [http-nio-8080-exec-14] c.e.c.i.a.CouponPersistenceAdapter       : version : 4
2025-07-07T19:31:08.491+09:00  INFO 12356 --- [http-nio-8080-exec-54] c.e.c.i.a.CouponPersistenceAdapter       : version : 4
2025-07-07T19:31:08.505+09:00  INFO 12356 --- [http-nio-8080-exec-29] c.e.c.i.a.CouponPersistenceAdapter       : version : 4
2025-07-07T19:31:08.515+09:00  INFO 12356 --- [http-nio-8080-exec-22] c.e.c.i.a.CouponPersistenceAdapter       : version : 4
2025-07-07T19:31:08.529+09:00  INFO 12356 --- [http-nio-8080-exec-144] c.e.c.i.a.CouponPersistenceAdapter       : version : 4
2025-07-07T19:31:08.541+09:00  INFO 12356 --- [http-nio-8080-exec-24] c.e.c.i.a.CouponPersistenceAdapter       : version : 4
2025-07-07T19:31:08.552+09:00  INFO 12356 --- [http-nio-8080-exec-15] c.e.c.i.a.CouponPersistenceAdapter       : version : 4
2025-07-07T19:31:08.563+09:00  INFO 12356 --- [http-nio-8080-exec-166] c.e.c.i.a.CouponPersistenceAdapter       : version : 4
2025-07-07T19:31:08.573+09:00  INFO 12356 --- [http-nio-8080-exec-93] c.e.c.i.a.CouponPersistenceAdapter       : version : 4
2025-07-07T19:31:08.583+09:00  INFO 12356 --- [http-nio-8080-exec-32] c.e.c.i.a.CouponPersistenceAdapter       : version : 4
2025-07-07T19:31:08.596+09:00  INFO 12356 --- [http-nio-8080-exec-136] c.e.c.i.a.CouponPersistenceAdapter       : version : 4
2025-07-07T19:31:08.607+09:00  INFO 12356 --- [http-nio-8080-exec-70] c.e.c.i.a.CouponPersistenceAdapter       : version : 4
2025-07-07T19:31:08.619+09:00  INFO 12356 --- [http-nio-8080-exec-19] c.e.c.i.a.CouponPersistenceAdapter       : version : 4
2025-07-07T19:31:08.634+09:00  INFO 12356 --- [http-nio-8080-exec-71] c.e.c.i.a.CouponPersistenceAdapter       : version : 4
2025-07-07T19:31:08.647+09:00  INFO 12356 --- [http-nio-8080-exec-10] c.e.c.i.a.CouponPersistenceAdapter       : version : 4
2025-07-07T19:31:08.661+09:00  INFO 12356 --- [http-nio-8080-exec-43] c.e.c.i.a.CouponPersistenceAdapter       : version : 4
2025-07-07T19:31:08.677+09:00  INFO 12356 --- [http-nio-8080-exec-147] c.e.c.i.a.CouponPersistenceAdapter       : version : 4
2025-07-07T19:31:08.692+09:00  INFO 12356 --- [http-nio-8080-exec-131] c.e.c.i.a.CouponPersistenceAdapter       : version : 4
2025-07-07T19:31:08.708+09:00  INFO 12356 --- [http-nio-8080-exec-104] c.e.c.i.a.CouponPersistenceAdapter       : version : 4
2025-07-07T19:31:08.727+09:00  INFO 12356 --- [http-nio-8080-exec-37] c.e.c.i.a.CouponPersistenceAdapter       : version : 4
2025-07-07T19:31:08.747+09:00  INFO 12356 --- [http-nio-8080-exec-80] c.e.c.i.a.CouponPersistenceAdapter       : version : 4
2025-07-07T19:31:08.768+09:00  INFO 12356 --- [http-nio-8080-exec-102] c.e.c.i.a.CouponPersistenceAdapter       : version : 4
2025-07-07T19:31:08.779+09:00  INFO 12356 --- [http-nio-8080-exec-16] c.e.c.i.a.CouponPersistenceAdapter       : version : 4
2025-07-07T19:31:08.792+09:00  INFO 12356 --- [http-nio-8080-exec-66] c.e.c.i.a.CouponPersistenceAdapter       : version : 4
2025-07-07T19:31:08.808+09:00  INFO 12356 --- [http-nio-8080-exec-92] c.e.c.i.a.CouponPersistenceAdapter       : version : 4
2025-07-07T19:31:08.819+09:00  INFO 12356 --- [http-nio-8080-exec-138] c.e.c.i.a.CouponPersistenceAdapter       : version : 4
2025-07-07T19:31:08.830+09:00  INFO 12356 --- [http-nio-8080-exec-59] c.e.c.i.a.CouponPersistenceAdapter       : version : 4
2025-07-07T19:31:08.844+09:00  INFO 12356 --- [http-nio-8080-exec-122] c.e.c.i.a.CouponPersistenceAdapter       : version : 4
2025-07-07T19:31:08.855+09:00  INFO 12356 --- [http-nio-8080-exec-177] c.e.c.i.a.CouponPersistenceAdapter       : version : 4
2025-07-07T19:31:08.866+09:00  INFO 12356 --- [http-nio-8080-exec-52] c.e.c.i.a.CouponPersistenceAdapter       : version : 4
2025-07-07T19:31:08.882+09:00  INFO 12356 --- [http-nio-8080-exec-69] c.e.c.i.a.CouponPersistenceAdapter       : version : 4
2025-07-07T19:31:08.897+09:00  INFO 12356 --- [http-nio-8080-exec-27] c.e.c.i.a.CouponPersistenceAdapter       : version : 4
2025-07-07T19:31:08.907+09:00  INFO 12356 --- [http-nio-8080-exec-78] c.e.c.i.a.CouponPersistenceAdapter       : version : 4
2025-07-07T19:31:08.919+09:00  INFO 12356 --- [http-nio-8080-exec-63] c.e.c.i.a.CouponPersistenceAdapter       : version : 4
2025-07-07T19:31:08.928+09:00  INFO 12356 --- [http-nio-8080-exec-149] c.e.c.i.a.CouponPersistenceAdapter       : version : 4
2025-07-07T19:31:08.945+09:00  INFO 12356 --- [http-nio-8080-exec-153] c.e.c.i.a.CouponPersistenceAdapter       : version : 4
2025-07-07T19:31:08.960+09:00  INFO 12356 --- [http-nio-8080-exec-65] c.e.c.i.a.CouponPersistenceAdapter       : version : 4
2025-07-07T19:31:08.977+09:00  INFO 12356 --- [http-nio-8080-exec-64] c.e.c.i.a.CouponPersistenceAdapter       : version : 4
2025-07-07T19:31:08.989+09:00  INFO 12356 --- [http-nio-8080-exec-125] c.e.c.i.a.CouponPersistenceAdapter       : version : 4
2025-07-07T19:31:09.002+09:00  INFO 12356 --- [http-nio-8080-exec-77] c.e.c.i.a.CouponPersistenceAdapter       : version : 4
2025-07-07T19:31:09.015+09:00  INFO 12356 --- [http-nio-8080-exec-140] c.e.c.i.a.CouponPersistenceAdapter       : version : 4
2025-07-07T19:31:09.028+09:00  INFO 12356 --- [http-nio-8080-exec-145] c.e.c.i.a.CouponPersistenceAdapter       : version : 4
2025-07-07T19:31:09.039+09:00  INFO 12356 --- [http-nio-8080-exec-169] c.e.c.i.a.CouponPersistenceAdapter       : version : 4
2025-07-07T19:31:09.069+09:00  INFO 12356 --- [http-nio-8080-exec-190] c.e.c.i.a.CouponPersistenceAdapter       : version : 4
2025-07-07T19:31:09.083+09:00  INFO 12356 --- [http-nio-8080-exec-155] c.e.c.i.a.CouponPersistenceAdapter       : version : 4
2025-07-07T19:31:09.098+09:00  INFO 12356 --- [http-nio-8080-exec-198] c.e.c.i.a.CouponPersistenceAdapter       : version : 4
2025-07-07T19:31:09.108+09:00  INFO 12356 --- [http-nio-8080-exec-91] c.e.c.i.a.CouponPersistenceAdapter       : version : 4
2025-07-07T19:31:09.117+09:00  INFO 12356 --- [http-nio-8080-exec-185] c.e.c.i.a.CouponPersistenceAdapter       : version : 4
2025-07-07T19:31:09.130+09:00  INFO 12356 --- [http-nio-8080-exec-123] c.e.c.i.a.CouponPersistenceAdapter       : version : 4
2025-07-07T19:31:09.141+09:00  INFO 12356 --- [http-nio-8080-exec-176] c.e.c.i.a.CouponPersistenceAdapter       : version : 4
2025-07-07T19:31:09.149+09:00  INFO 12356 --- [http-nio-8080-exec-25] c.e.c.i.a.CouponPersistenceAdapter       : version : 4
2025-07-07T19:31:09.161+09:00  INFO 12356 --- [http-nio-8080-exec-195] c.e.c.i.a.CouponPersistenceAdapter       : version : 4
2025-07-07T19:31:09.180+09:00  INFO 12356 --- [http-nio-8080-exec-184] c.e.c.i.a.CouponPersistenceAdapter       : version : 4
2025-07-07T19:31:09.499+09:00  INFO 12356 --- [http-nio-8080-exec-173] c.e.c.i.a.CouponPersistenceAdapter       : version : 4
2025-07-07T19:31:09.520+09:00  INFO 12356 --- [http-nio-8080-exec-88] c.e.c.i.a.CouponPersistenceAdapter       : version : 4
2025-07-07T19:31:09.565+09:00  INFO 12356 --- [http-nio-8080-exec-108] c.e.c.i.a.CouponPersistenceAdapter       : version : 4
2025-07-07T19:31:09.586+09:00  INFO 12356 --- [http-nio-8080-exec-116] c.e.c.i.a.CouponPersistenceAdapter       : version : 4
2025-07-07T19:31:09.769+09:00  INFO 12356 --- [http-nio-8080-exec-174] c.e.c.i.a.CouponPersistenceAdapter       : version : 4
2025-07-07T19:31:09.791+09:00  INFO 12356 --- [http-nio-8080-exec-126] c.e.c.i.a.CouponPersistenceAdapter       : version : 4
2025-07-07T19:31:09.835+09:00  INFO 12356 --- [http-nio-8080-exec-121] c.e.c.i.a.CouponPersistenceAdapter       : version : 4
2025-07-07T19:31:09.860+09:00  INFO 12356 --- [http-nio-8080-exec-46] c.e.c.i.a.CouponPersistenceAdapter       : version : 4
2025-07-07T19:31:09.902+09:00  INFO 12356 --- [http-nio-8080-exec-74] c.e.c.i.a.CouponPersistenceAdapter       : version : 4
2025-07-07T19:31:09.922+09:00  INFO 12356 --- [http-nio-8080-exec-199] c.e.c.i.a.CouponPersistenceAdapter       : version : 4
2025-07-07T19:31:09.963+09:00  INFO 12356 --- [http-nio-8080-exec-189] c.e.c.i.a.CouponPersistenceAdapter       : version : 4
2025-07-07T19:31:09.983+09:00  INFO 12356 --- [http-nio-8080-exec-103] c.e.c.i.a.CouponPersistenceAdapter       : version : 4
2025-07-07T19:31:10.002+09:00  INFO 12356 --- [http-nio-8080-exec-154] c.e.c.i.a.CouponPersistenceAdapter       : version : 4
2025-07-07T19:31:10.023+09:00  INFO 12356 --- [http-nio-8080-exec-141] c.e.c.i.a.CouponPersistenceAdapter       : version : 4
2025-07-07T19:31:10.041+09:00  INFO 12356 --- [http-nio-8080-exec-180] c.e.c.i.a.CouponPersistenceAdapter       : version : 4
2025-07-07T19:31:10.073+09:00  INFO 12356 --- [http-nio-8080-exec-75] c.e.c.i.a.CouponPersistenceAdapter       : version : 4
2025-07-07T19:31:10.103+09:00  INFO 12356 --- [http-nio-8080-exec-86] c.e.c.i.a.CouponPersistenceAdapter       : version : 4
2025-07-07T19:31:10.126+09:00  INFO 12356 --- [http-nio-8080-exec-127] c.e.c.i.a.CouponPersistenceAdapter       : version : 4
2025-07-07T19:31:10.142+09:00  INFO 12356 --- [http-nio-8080-exec-112] c.e.c.i.a.CouponPersistenceAdapter       : version : 4
2025-07-07T19:31:10.157+09:00  INFO 12356 --- [http-nio-8080-exec-142] c.e.c.i.a.CouponPersistenceAdapter       : version : 4
2025-07-07T19:31:10.170+09:00  INFO 12356 --- [http-nio-8080-exec-150] c.e.c.i.a.CouponPersistenceAdapter       : version : 4
2025-07-07T19:31:10.186+09:00  INFO 12356 --- [http-nio-8080-exec-165] c.e.c.i.a.CouponPersistenceAdapter       : version : 4
2025-07-07T19:31:10.207+09:00  INFO 12356 --- [http-nio-8080-exec-45] c.e.c.i.a.CouponPersistenceAdapter       : version : 4
2025-07-07T19:31:10.220+09:00  INFO 12356 --- [http-nio-8080-exec-8] c.e.c.i.a.CouponPersistenceAdapter       : version : 4
2025-07-07T19:31:10.233+09:00  INFO 12356 --- [http-nio-8080-exec-179] c.e.c.i.a.CouponPersistenceAdapter       : version : 4
2025-07-07T19:31:10.249+09:00  INFO 12356 --- [http-nio-8080-exec-186] c.e.c.i.a.CouponPersistenceAdapter       : version : 4
2025-07-07T19:31:10.264+09:00  INFO 12356 --- [http-nio-8080-exec-83] c.e.c.i.a.CouponPersistenceAdapter       : version : 4
2025-07-07T19:31:10.320+09:00  INFO 12356 --- [http-nio-8080-exec-99] c.e.c.i.a.CouponPersistenceAdapter       : version : 4
2025-07-07T19:31:10.371+09:00  INFO 12356 --- [http-nio-8080-exec-188] c.e.c.i.a.CouponPersistenceAdapter       : version : 4
2025-07-07T19:31:10.392+09:00  INFO 12356 --- [http-nio-8080-exec-94] c.e.c.i.a.CouponPersistenceAdapter       : version : 4
2025-07-07T19:31:10.415+09:00  INFO 12356 --- [http-nio-8080-exec-58] c.e.c.i.a.CouponPersistenceAdapter       : version : 4
2025-07-07T19:31:10.432+09:00  INFO 12356 --- [http-nio-8080-exec-196] c.e.c.i.a.CouponPersistenceAdapter       : version : 4
2025-07-07T19:31:10.448+09:00  INFO 12356 --- [http-nio-8080-exec-167] c.e.c.i.a.CouponPersistenceAdapter       : version : 4
2025-07-07T19:31:10.465+09:00  INFO 12356 --- [http-nio-8080-exec-148] c.e.c.i.a.CouponPersistenceAdapter       : version : 4
2025-07-07T19:31:10.483+09:00  INFO 12356 --- [http-nio-8080-exec-139] c.e.c.i.a.CouponPersistenceAdapter       : version : 4
2025-07-07T19:31:10.504+09:00  INFO 12356 --- [http-nio-8080-exec-76] c.e.c.i.a.CouponPersistenceAdapter       : version : 4
2025-07-07T19:31:10.526+09:00  INFO 12356 --- [http-nio-8080-exec-97] c.e.c.i.a.CouponPersistenceAdapter       : version : 4
2025-07-07T19:31:10.555+09:00  INFO 12356 --- [http-nio-8080-exec-111] c.e.c.i.a.CouponPersistenceAdapter       : version : 4
2025-07-07T19:31:10.566+09:00  INFO 12356 --- [http-nio-8080-exec-115] c.e.c.i.a.CouponPersistenceAdapter       : version : 4
2025-07-07T19:31:10.581+09:00  INFO 12356 --- [http-nio-8080-exec-23] c.e.c.i.a.CouponPersistenceAdapter       : version : 4
2025-07-07T19:31:10.616+09:00  INFO 12356 --- [http-nio-8080-exec-162] c.e.c.i.a.CouponPersistenceAdapter       : version : 4
2025-07-07T19:31:10.629+09:00  INFO 12356 --- [http-nio-8080-exec-98] c.e.c.i.a.CouponPersistenceAdapter       : version : 4
2025-07-07T19:31:10.661+09:00  INFO 12356 --- [http-nio-8080-exec-128] c.e.c.i.a.CouponPersistenceAdapter       : version : 4
2025-07-07T19:31:10.687+09:00  INFO 12356 --- [http-nio-8080-exec-57] c.e.c.i.a.CouponPersistenceAdapter       : version : 4
2025-07-07T19:31:10.700+09:00  INFO 12356 --- [http-nio-8080-exec-60] c.e.c.i.a.CouponPersistenceAdapter       : version : 4
2025-07-07T19:31:10.715+09:00  INFO 12356 --- [http-nio-8080-exec-133] c.e.c.i.a.CouponPersistenceAdapter       : version : 4
2025-07-07T19:31:10.724+09:00  INFO 12356 --- [http-nio-8080-exec-156] c.e.c.i.a.CouponPersistenceAdapter       : version : 4
2025-07-07T19:31:10.746+09:00  INFO 12356 --- [http-nio-8080-exec-82] c.e.c.i.a.CouponPersistenceAdapter       : version : 4
2025-07-07T19:31:10.759+09:00  INFO 12356 --- [http-nio-8080-exec-84] c.e.c.i.a.CouponPersistenceAdapter       : version : 4
2025-07-07T19:31:10.773+09:00  INFO 12356 --- [http-nio-8080-exec-181] c.e.c.i.a.CouponPersistenceAdapter       : version : 4
2025-07-07T19:31:10.790+09:00  INFO 12356 --- [http-nio-8080-exec-152] c.e.c.i.a.CouponPersistenceAdapter       : version : 4
2025-07-07T19:31:10.806+09:00  INFO 12356 --- [http-nio-8080-exec-168] c.e.c.i.a.CouponPersistenceAdapter       : version : 4
2025-07-07T19:31:10.817+09:00  INFO 12356 --- [http-nio-8080-exec-171] c.e.c.i.a.CouponPersistenceAdapter       : version : 4
2025-07-07T19:31:10.834+09:00  INFO 12356 --- [http-nio-8080-exec-137] c.e.c.i.a.CouponPersistenceAdapter       : version : 4
2025-07-07T19:31:10.854+09:00  INFO 12356 --- [http-nio-8080-exec-146] c.e.c.i.a.CouponPersistenceAdapter       : version : 4
2025-07-07T19:31:10.866+09:00  INFO 12356 --- [http-nio-8080-exec-35] c.e.c.i.a.CouponPersistenceAdapter       : version : 4
2025-07-07T19:31:10.882+09:00  INFO 12356 --- [http-nio-8080-exec-183] c.e.c.i.a.CouponPersistenceAdapter       : version : 4
2025-07-07T19:31:10.899+09:00  INFO 12356 --- [http-nio-8080-exec-72] c.e.c.i.a.CouponPersistenceAdapter       : version : 4
2025-07-07T19:31:10.913+09:00  INFO 12356 --- [http-nio-8080-exec-134] c.e.c.i.a.CouponPersistenceAdapter       : version : 4
2025-07-07T19:31:10.927+09:00  INFO 12356 --- [http-nio-8080-exec-159] c.e.c.i.a.CouponPersistenceAdapter       : version : 4
2025-07-07T19:31:10.940+09:00  INFO 12356 --- [http-nio-8080-exec-119] c.e.c.i.a.CouponPersistenceAdapter       : version : 4
2025-07-07T19:31:10.958+09:00  INFO 12356 --- [http-nio-8080-exec-48] c.e.c.i.a.CouponPersistenceAdapter       : version : 4
2025-07-07T19:31:10.991+09:00  INFO 12356 --- [http-nio-8080-exec-172] c.e.c.i.a.CouponPersistenceAdapter       : version : 4
2025-07-07T19:31:11.030+09:00  INFO 12356 --- [http-nio-8080-exec-68] c.e.c.i.a.CouponPersistenceAdapter       : version : 4
2025-07-07T19:31:11.065+09:00  INFO 12356 --- [http-nio-8080-exec-163] c.e.c.i.a.CouponPersistenceAdapter       : version : 4
2025-07-07T19:31:11.104+09:00  INFO 12356 --- [http-nio-8080-exec-105] c.e.c.i.a.CouponPersistenceAdapter       : version : 4
2025-07-07T19:31:11.129+09:00  INFO 12356 --- [http-nio-8080-exec-9] c.e.c.i.a.CouponPersistenceAdapter       : version : 4
2025-07-07T19:31:11.148+09:00  INFO 12356 --- [http-nio-8080-exec-158] c.e.c.i.a.CouponPersistenceAdapter       : version : 4
2025-07-07T19:31:11.165+09:00  INFO 12356 --- [http-nio-8080-exec-132] c.e.c.i.a.CouponPersistenceAdapter       : version : 4
2025-07-07T19:31:11.186+09:00  INFO 12356 --- [http-nio-8080-exec-120] c.e.c.i.a.CouponPersistenceAdapter       : version : 4
2025-07-07T19:31:11.210+09:00  INFO 12356 --- [http-nio-8080-exec-160] c.e.c.i.a.CouponPersistenceAdapter       : version : 4
2025-07-07T19:31:11.225+09:00  INFO 12356 --- [http-nio-8080-exec-130] c.e.c.i.a.CouponPersistenceAdapter       : version : 4
2025-07-07T19:31:11.241+09:00  INFO 12356 --- [http-nio-8080-exec-17] c.e.c.i.a.CouponPersistenceAdapter       : version : 4
2025-07-07T19:31:11.268+09:00  INFO 12356 --- [http-nio-8080-exec-197] c.e.c.i.a.CouponPersistenceAdapter       : version : 4
2025-07-07T19:31:11.295+09:00  INFO 12356 --- [http-nio-8080-exec-26] c.e.c.i.a.CouponPersistenceAdapter       : version : 4
2025-07-07T19:31:11.318+09:00  INFO 12356 --- [http-nio-8080-exec-79] c.e.c.i.a.CouponPersistenceAdapter       : version : 4
2025-07-07T19:31:11.333+09:00  INFO 12356 --- [http-nio-8080-exec-178] c.e.c.i.a.CouponPersistenceAdapter       : version : 4
2025-07-07T19:31:11.346+09:00  INFO 12356 --- [http-nio-8080-exec-117] c.e.c.i.a.CouponPersistenceAdapter       : version : 4
2025-07-07T19:31:11.358+09:00  INFO 12356 --- [http-nio-8080-exec-109] c.e.c.i.a.CouponPersistenceAdapter       : version : 4
2025-07-07T19:31:11.371+09:00  INFO 12356 --- [http-nio-8080-exec-161] c.e.c.i.a.CouponPersistenceAdapter       : version : 4
2025-07-07T19:31:11.444+09:00  INFO 12356 --- [http-nio-8080-exec-187] c.e.c.i.a.CouponPersistenceAdapter       : version : 4
2025-07-07T19:31:11.469+09:00  INFO 12356 --- [http-nio-8080-exec-90] c.e.c.i.a.CouponPersistenceAdapter       : version : 4
2025-07-07T19:31:11.481+09:00  INFO 12356 --- [http-nio-8080-exec-85] c.e.c.i.a.CouponPersistenceAdapter       : version : 4
2025-07-07T19:31:11.494+09:00  INFO 12356 --- [http-nio-8080-exec-62] c.e.c.i.a.CouponPersistenceAdapter       : version : 4
2025-07-07T19:31:11.523+09:00  INFO 12356 --- [http-nio-8080-exec-182] c.e.c.i.a.CouponPersistenceAdapter       : version : 4
2025-07-07T19:31:11.535+09:00  INFO 12356 --- [http-nio-8080-exec-143] c.e.c.i.a.CouponPersistenceAdapter       : version : 4
2025-07-07T19:31:11.548+09:00  INFO 12356 --- [http-nio-8080-exec-11] c.e.c.i.a.CouponPersistenceAdapter       : version : 4
2025-07-07T19:31:11.557+09:00  INFO 12356 --- [http-nio-8080-exec-157] c.e.c.i.a.CouponPersistenceAdapter       : version : 4
2025-07-07T19:31:11.567+09:00  INFO 12356 --- [http-nio-8080-exec-151] c.e.c.i.a.CouponPersistenceAdapter       : version : 4
2025-07-07T19:31:11.579+09:00  INFO 12356 --- [http-nio-8080-exec-31] c.e.c.i.a.CouponPersistenceAdapter       : version : 4
2025-07-07T19:31:11.603+09:00  INFO 12356 --- [http-nio-8080-exec-194] c.e.c.i.a.CouponPersistenceAdapter       : version : 4
2025-07-07T19:31:11.616+09:00  INFO 12356 --- [http-nio-8080-exec-192] c.e.c.i.a.CouponPersistenceAdapter       : version : 4
2025-07-07T19:31:11.633+09:00  INFO 12356 --- [http-nio-8080-exec-114] c.e.c.i.a.CouponPersistenceAdapter       : version : 4
2025-07-07T19:31:11.649+09:00  INFO 12356 --- [http-nio-8080-exec-191] c.e.c.i.a.CouponPersistenceAdapter       : version : 4
2025-07-07T19:31:11.666+09:00  INFO 12356 --- [http-nio-8080-exec-129] c.e.c.i.a.CouponPersistenceAdapter       : version : 4
2025-07-07T19:31:11.682+09:00  INFO 12356 --- [http-nio-8080-exec-118] c.e.c.i.a.CouponPersistenceAdapter       : version : 4
2025-07-07T19:31:11.696+09:00  INFO 12356 --- [http-nio-8080-exec-170] c.e.c.i.a.CouponPersistenceAdapter       : version : 4
2025-07-07T19:31:11.716+09:00  INFO 12356 --- [http-nio-8080-exec-175] c.e.c.i.a.CouponPersistenceAdapter       : version : 4
2025-07-07T19:31:11.731+09:00  INFO 12356 --- [http-nio-8080-exec-89] c.e.c.i.a.CouponPersistenceAdapter       : version : 4
2025-07-07T19:31:11.750+09:00  INFO 12356 --- [http-nio-8080-exec-73] c.e.c.i.a.CouponPersistenceAdapter       : version : 4
2025-07-07T19:31:11.762+09:00  INFO 12356 --- [http-nio-8080-exec-110] c.e.c.i.a.CouponPersistenceAdapter       : version : 4
2025-07-07T19:31:11.775+09:00  INFO 12356 --- [http-nio-8080-exec-200] c.e.c.i.a.CouponPersistenceAdapter       : version : 4
2025-07-07T19:31:11.792+09:00  INFO 12356 --- [http-nio-8080-exec-193] c.e.c.i.a.CouponPersistenceAdapter       : version : 4
2025-07-07T19:31:11.805+09:00  INFO 12356 --- [http-nio-8080-exec-124] c.e.c.i.a.CouponPersistenceAdapter       : version : 4
2025-07-07T19:31:11.823+09:00  INFO 12356 --- [http-nio-8080-exec-164] c.e.c.i.a.CouponPersistenceAdapter       : version : 4
2025-07-07T19:31:11.837+09:00  INFO 12356 --- [http-nio-8080-exec-113] c.e.c.i.a.CouponPersistenceAdapter       : version : 4
2025-07-07T19:31:11.854+09:00  INFO 12356 --- [http-nio-8080-exec-6] c.e.c.i.a.CouponPersistenceAdapter       : version : 5
2025-07-07T19:31:11.874+09:00  INFO 12356 --- [http-nio-8080-exec-101] c.e.c.i.a.CouponPersistenceAdapter       : version : 5
2025-07-07T19:31:11.888+09:00  INFO 12356 --- [http-nio-8080-exec-13] c.e.c.i.a.CouponPersistenceAdapter       : version : 5
2025-07-07T19:31:11.903+09:00  INFO 12356 --- [http-nio-8080-exec-20] c.e.c.i.a.CouponPersistenceAdapter       : version : 5
2025-07-07T19:31:11.913+09:00  INFO 12356 --- [http-nio-8080-exec-95] c.e.c.i.a.CouponPersistenceAdapter       : version : 5
2025-07-07T19:31:11.928+09:00  INFO 12356 --- [http-nio-8080-exec-18] c.e.c.i.a.CouponPersistenceAdapter       : version : 5
2025-07-07T19:31:11.951+09:00  INFO 12356 --- [http-nio-8080-exec-42] c.e.c.i.a.CouponPersistenceAdapter       : version : 5
2025-07-07T19:31:11.966+09:00  INFO 12356 --- [http-nio-8080-exec-67] c.e.c.i.a.CouponPersistenceAdapter       : version : 5
2025-07-07T19:31:11.981+09:00  INFO 12356 --- [http-nio-8080-exec-30] c.e.c.i.a.CouponPersistenceAdapter       : version : 5
2025-07-07T19:31:11.993+09:00  INFO 12356 --- [http-nio-8080-exec-41] c.e.c.i.a.CouponPersistenceAdapter       : version : 5
2025-07-07T19:31:12.003+09:00  INFO 12356 --- [http-nio-8080-exec-12] c.e.c.i.a.CouponPersistenceAdapter       : version : 5
2025-07-07T19:31:12.016+09:00  INFO 12356 --- [http-nio-8080-exec-135] c.e.c.i.a.CouponPersistenceAdapter       : version : 5
2025-07-07T19:31:12.029+09:00  INFO 12356 --- [http-nio-8080-exec-56] c.e.c.i.a.CouponPersistenceAdapter       : version : 5
2025-07-07T19:31:12.043+09:00  INFO 12356 --- [http-nio-8080-exec-47] c.e.c.i.a.CouponPersistenceAdapter       : version : 5
2025-07-07T19:31:12.057+09:00  INFO 12356 --- [http-nio-8080-exec-21] c.e.c.i.a.CouponPersistenceAdapter       : version : 5
2025-07-07T19:31:12.074+09:00  INFO 12356 --- [http-nio-8080-exec-2] c.e.c.i.a.CouponPersistenceAdapter       : version : 5
2025-07-07T19:31:12.090+09:00  INFO 12356 --- [http-nio-8080-exec-36] c.e.c.i.a.CouponPersistenceAdapter       : version : 5
2025-07-07T19:31:12.108+09:00  INFO 12356 --- [http-nio-8080-exec-4] c.e.c.i.a.CouponPersistenceAdapter       : version : 5
2025-07-07T19:31:12.125+09:00  INFO 12356 --- [http-nio-8080-exec-81] c.e.c.i.a.CouponPersistenceAdapter       : version : 5
2025-07-07T19:31:12.140+09:00  INFO 12356 --- [http-nio-8080-exec-61] c.e.c.i.a.CouponPersistenceAdapter       : version : 5
2025-07-07T19:31:12.166+09:00  INFO 12356 --- [http-nio-8080-exec-49] c.e.c.i.a.CouponPersistenceAdapter       : version : 5
2025-07-07T19:31:12.180+09:00  INFO 12356 --- [http-nio-8080-exec-51] c.e.c.i.a.CouponPersistenceAdapter       : version : 5
2025-07-07T19:31:12.192+09:00  INFO 12356 --- [http-nio-8080-exec-40] c.e.c.i.a.CouponPersistenceAdapter       : version : 5
2025-07-07T19:31:12.205+09:00  INFO 12356 --- [http-nio-8080-exec-5] c.e.c.i.a.CouponPersistenceAdapter       : version : 5
2025-07-07T19:31:12.216+09:00  INFO 12356 --- [http-nio-8080-exec-3] c.e.c.i.a.CouponPersistenceAdapter       : version : 5
2025-07-07T19:31:12.229+09:00  INFO 12356 --- [http-nio-8080-exec-100] c.e.c.i.a.CouponPersistenceAdapter       : version : 5
2025-07-07T19:31:12.241+09:00  INFO 12356 --- [http-nio-8080-exec-28] c.e.c.i.a.CouponPersistenceAdapter       : version : 5
2025-07-07T19:31:12.251+09:00  INFO 12356 --- [http-nio-8080-exec-55] c.e.c.i.a.CouponPersistenceAdapter       : version : 5
2025-07-07T19:31:12.260+09:00  INFO 12356 --- [http-nio-8080-exec-44] c.e.c.i.a.CouponPersistenceAdapter       : version : 5
2025-07-07T19:31:12.273+09:00  INFO 12356 --- [http-nio-8080-exec-96] c.e.c.i.a.CouponPersistenceAdapter       : version : 5
2025-07-07T19:31:12.289+09:00  INFO 12356 --- [http-nio-8080-exec-106] c.e.c.i.a.CouponPersistenceAdapter       : version : 5
2025-07-07T19:31:12.304+09:00  INFO 12356 --- [http-nio-8080-exec-39] c.e.c.i.a.CouponPersistenceAdapter       : version : 5
2025-07-07T19:31:12.325+09:00  INFO 12356 --- [http-nio-8080-exec-38] c.e.c.i.a.CouponPersistenceAdapter       : version : 5
2025-07-07T19:31:12.341+09:00  INFO 12356 --- [http-nio-8080-exec-1] c.e.c.i.a.CouponPersistenceAdapter       : version : 5
2025-07-07T19:31:12.356+09:00  INFO 12356 --- [http-nio-8080-exec-34] c.e.c.i.a.CouponPersistenceAdapter       : version : 5
2025-07-07T19:31:12.368+09:00  INFO 12356 --- [http-nio-8080-exec-53] c.e.c.i.a.CouponPersistenceAdapter       : version : 5
2025-07-07T19:31:12.377+09:00  INFO 12356 --- [http-nio-8080-exec-87] c.e.c.i.a.CouponPersistenceAdapter       : version : 5
2025-07-07T19:31:12.387+09:00  INFO 12356 --- [http-nio-8080-exec-107] c.e.c.i.a.CouponPersistenceAdapter       : version : 5
2025-07-07T19:31:12.400+09:00  INFO 12356 --- [http-nio-8080-exec-33] c.e.c.i.a.CouponPersistenceAdapter       : version : 5
2025-07-07T19:31:12.414+09:00  INFO 12356 --- [http-nio-8080-exec-50] c.e.c.i.a.CouponPersistenceAdapter       : version : 5
2025-07-07T19:31:12.428+09:00  INFO 12356 --- [http-nio-8080-exec-7] c.e.c.i.a.CouponPersistenceAdapter       : version : 5
2025-07-07T19:31:12.442+09:00  INFO 12356 --- [http-nio-8080-exec-14] c.e.c.i.a.CouponPersistenceAdapter       : version : 5
2025-07-07T19:31:12.452+09:00  INFO 12356 --- [http-nio-8080-exec-54] c.e.c.i.a.CouponPersistenceAdapter       : version : 5
2025-07-07T19:31:12.462+09:00  INFO 12356 --- [http-nio-8080-exec-29] c.e.c.i.a.CouponPersistenceAdapter       : version : 5
2025-07-07T19:31:12.474+09:00  INFO 12356 --- [http-nio-8080-exec-22] c.e.c.i.a.CouponPersistenceAdapter       : version : 5
2025-07-07T19:31:12.486+09:00  INFO 12356 --- [http-nio-8080-exec-144] c.e.c.i.a.CouponPersistenceAdapter       : version : 5
2025-07-07T19:31:12.500+09:00  INFO 12356 --- [http-nio-8080-exec-24] c.e.c.i.a.CouponPersistenceAdapter       : version : 5
2025-07-07T19:31:12.513+09:00  INFO 12356 --- [http-nio-8080-exec-15] c.e.c.i.a.CouponPersistenceAdapter       : version : 5
2025-07-07T19:31:12.531+09:00  INFO 12356 --- [http-nio-8080-exec-166] c.e.c.i.a.CouponPersistenceAdapter       : version : 5
2025-07-07T19:31:12.545+09:00  INFO 12356 --- [http-nio-8080-exec-93] c.e.c.i.a.CouponPersistenceAdapter       : version : 5
2025-07-07T19:31:12.573+09:00  INFO 12356 --- [http-nio-8080-exec-32] c.e.c.i.a.CouponPersistenceAdapter       : version : 5
2025-07-07T19:31:12.587+09:00  INFO 12356 --- [http-nio-8080-exec-136] c.e.c.i.a.CouponPersistenceAdapter       : version : 5
2025-07-07T19:31:12.600+09:00  INFO 12356 --- [http-nio-8080-exec-70] c.e.c.i.a.CouponPersistenceAdapter       : version : 5
2025-07-07T19:31:12.613+09:00  INFO 12356 --- [http-nio-8080-exec-19] c.e.c.i.a.CouponPersistenceAdapter       : version : 5
2025-07-07T19:31:12.628+09:00  INFO 12356 --- [http-nio-8080-exec-71] c.e.c.i.a.CouponPersistenceAdapter       : version : 5
2025-07-07T19:31:12.642+09:00  INFO 12356 --- [http-nio-8080-exec-10] c.e.c.i.a.CouponPersistenceAdapter       : version : 5
2025-07-07T19:31:12.651+09:00  INFO 12356 --- [http-nio-8080-exec-43] c.e.c.i.a.CouponPersistenceAdapter       : version : 5
2025-07-07T19:31:12.662+09:00  INFO 12356 --- [http-nio-8080-exec-147] c.e.c.i.a.CouponPersistenceAdapter       : version : 5
2025-07-07T19:31:12.672+09:00  INFO 12356 --- [http-nio-8080-exec-131] c.e.c.i.a.CouponPersistenceAdapter       : version : 5
2025-07-07T19:31:12.686+09:00  INFO 12356 --- [http-nio-8080-exec-104] c.e.c.i.a.CouponPersistenceAdapter       : version : 5
2025-07-07T19:31:12.698+09:00  INFO 12356 --- [http-nio-8080-exec-37] c.e.c.i.a.CouponPersistenceAdapter       : version : 5
2025-07-07T19:31:12.707+09:00  INFO 12356 --- [http-nio-8080-exec-80] c.e.c.i.a.CouponPersistenceAdapter       : version : 5
2025-07-07T19:31:12.721+09:00  INFO 12356 --- [http-nio-8080-exec-102] c.e.c.i.a.CouponPersistenceAdapter       : version : 5
2025-07-07T19:31:12.735+09:00  INFO 12356 --- [http-nio-8080-exec-16] c.e.c.i.a.CouponPersistenceAdapter       : version : 5
2025-07-07T19:31:12.751+09:00  INFO 12356 --- [http-nio-8080-exec-66] c.e.c.i.a.CouponPersistenceAdapter       : version : 5
2025-07-07T19:31:12.760+09:00  INFO 12356 --- [http-nio-8080-exec-92] c.e.c.i.a.CouponPersistenceAdapter       : version : 5
2025-07-07T19:31:12.772+09:00  INFO 12356 --- [http-nio-8080-exec-138] c.e.c.i.a.CouponPersistenceAdapter       : version : 5
2025-07-07T19:31:12.788+09:00  INFO 12356 --- [http-nio-8080-exec-59] c.e.c.i.a.CouponPersistenceAdapter       : version : 5
2025-07-07T19:31:12.802+09:00  INFO 12356 --- [http-nio-8080-exec-122] c.e.c.i.a.CouponPersistenceAdapter       : version : 5
2025-07-07T19:31:12.816+09:00  INFO 12356 --- [http-nio-8080-exec-177] c.e.c.i.a.CouponPersistenceAdapter       : version : 5
2025-07-07T19:31:12.831+09:00  INFO 12356 --- [http-nio-8080-exec-52] c.e.c.i.a.CouponPersistenceAdapter       : version : 5
2025-07-07T19:31:12.844+09:00  INFO 12356 --- [http-nio-8080-exec-69] c.e.c.i.a.CouponPersistenceAdapter       : version : 5
2025-07-07T19:31:12.854+09:00  INFO 12356 --- [http-nio-8080-exec-27] c.e.c.i.a.CouponPersistenceAdapter       : version : 5
2025-07-07T19:31:12.866+09:00  INFO 12356 --- [http-nio-8080-exec-78] c.e.c.i.a.CouponPersistenceAdapter       : version : 5
2025-07-07T19:31:12.879+09:00  INFO 12356 --- [http-nio-8080-exec-63] c.e.c.i.a.CouponPersistenceAdapter       : version : 5
2025-07-07T19:31:12.889+09:00  INFO 12356 --- [http-nio-8080-exec-149] c.e.c.i.a.CouponPersistenceAdapter       : version : 5
2025-07-07T19:31:12.902+09:00  INFO 12356 --- [http-nio-8080-exec-153] c.e.c.i.a.CouponPersistenceAdapter       : version : 5
2025-07-07T19:31:12.916+09:00  INFO 12356 --- [http-nio-8080-exec-65] c.e.c.i.a.CouponPersistenceAdapter       : version : 5
2025-07-07T19:31:12.932+09:00  INFO 12356 --- [http-nio-8080-exec-64] c.e.c.i.a.CouponPersistenceAdapter       : version : 5
2025-07-07T19:31:12.949+09:00  INFO 12356 --- [http-nio-8080-exec-125] c.e.c.i.a.CouponPersistenceAdapter       : version : 5
2025-07-07T19:31:12.971+09:00  INFO 12356 --- [http-nio-8080-exec-77] c.e.c.i.a.CouponPersistenceAdapter       : version : 5
2025-07-07T19:31:12.986+09:00  INFO 12356 --- [http-nio-8080-exec-140] c.e.c.i.a.CouponPersistenceAdapter       : version : 5
2025-07-07T19:31:13.001+09:00  INFO 12356 --- [http-nio-8080-exec-145] c.e.c.i.a.CouponPersistenceAdapter       : version : 5
2025-07-07T19:31:13.022+09:00  INFO 12356 --- [http-nio-8080-exec-169] c.e.c.i.a.CouponPersistenceAdapter       : version : 5
2025-07-07T19:31:13.038+09:00  INFO 12356 --- [http-nio-8080-exec-190] c.e.c.i.a.CouponPersistenceAdapter       : version : 5
2025-07-07T19:31:13.051+09:00  INFO 12356 --- [http-nio-8080-exec-155] c.e.c.i.a.CouponPersistenceAdapter       : version : 5
2025-07-07T19:31:13.086+09:00  INFO 12356 --- [http-nio-8080-exec-198] c.e.c.i.a.CouponPersistenceAdapter       : version : 5
2025-07-07T19:31:13.107+09:00  INFO 12356 --- [http-nio-8080-exec-91] c.e.c.i.a.CouponPersistenceAdapter       : version : 5
2025-07-07T19:31:13.119+09:00  INFO 12356 --- [http-nio-8080-exec-185] c.e.c.i.a.CouponPersistenceAdapter       : version : 5
2025-07-07T19:31:13.138+09:00  INFO 12356 --- [http-nio-8080-exec-123] c.e.c.i.a.CouponPersistenceAdapter       : version : 5
2025-07-07T19:31:13.155+09:00  INFO 12356 --- [http-nio-8080-exec-176] c.e.c.i.a.CouponPersistenceAdapter       : version : 5
2025-07-07T19:31:13.170+09:00  INFO 12356 --- [http-nio-8080-exec-25] c.e.c.i.a.CouponPersistenceAdapter       : version : 5
2025-07-07T19:31:13.181+09:00  INFO 12356 --- [http-nio-8080-exec-195] c.e.c.i.a.CouponPersistenceAdapter       : version : 5
2025-07-07T19:31:13.195+09:00  INFO 12356 --- [http-nio-8080-exec-184] c.e.c.i.a.CouponPersistenceAdapter       : version : 5
2025-07-07T19:31:13.207+09:00  INFO 12356 --- [http-nio-8080-exec-173] c.e.c.i.a.CouponPersistenceAdapter       : version : 5
2025-07-07T19:31:13.217+09:00  INFO 12356 --- [http-nio-8080-exec-88] c.e.c.i.a.CouponPersistenceAdapter       : version : 5
2025-07-07T19:31:13.228+09:00  INFO 12356 --- [http-nio-8080-exec-108] c.e.c.i.a.CouponPersistenceAdapter       : version : 5
2025-07-07T19:31:13.243+09:00  INFO 12356 --- [http-nio-8080-exec-116] c.e.c.i.a.CouponPersistenceAdapter       : version : 5
2025-07-07T19:31:13.253+09:00  INFO 12356 --- [http-nio-8080-exec-174] c.e.c.i.a.CouponPersistenceAdapter       : version : 5
2025-07-07T19:31:13.266+09:00  INFO 12356 --- [http-nio-8080-exec-126] c.e.c.i.a.CouponPersistenceAdapter       : version : 5
2025-07-07T19:31:13.279+09:00  INFO 12356 --- [http-nio-8080-exec-121] c.e.c.i.a.CouponPersistenceAdapter       : version : 5
2025-07-07T19:31:13.291+09:00  INFO 12356 --- [http-nio-8080-exec-46] c.e.c.i.a.CouponPersistenceAdapter       : version : 5
2025-07-07T19:31:13.305+09:00  INFO 12356 --- [http-nio-8080-exec-74] c.e.c.i.a.CouponPersistenceAdapter       : version : 5
2025-07-07T19:31:13.319+09:00  INFO 12356 --- [http-nio-8080-exec-199] c.e.c.i.a.CouponPersistenceAdapter       : version : 5
2025-07-07T19:31:13.330+09:00  INFO 12356 --- [http-nio-8080-exec-189] c.e.c.i.a.CouponPersistenceAdapter       : version : 5
2025-07-07T19:31:13.344+09:00  INFO 12356 --- [http-nio-8080-exec-103] c.e.c.i.a.CouponPersistenceAdapter       : version : 5
2025-07-07T19:31:13.359+09:00  INFO 12356 --- [http-nio-8080-exec-154] c.e.c.i.a.CouponPersistenceAdapter       : version : 5
2025-07-07T19:31:13.371+09:00  INFO 12356 --- [http-nio-8080-exec-141] c.e.c.i.a.CouponPersistenceAdapter       : version : 5
2025-07-07T19:31:13.382+09:00  INFO 12356 --- [http-nio-8080-exec-180] c.e.c.i.a.CouponPersistenceAdapter       : version : 5
2025-07-07T19:31:13.395+09:00  INFO 12356 --- [http-nio-8080-exec-75] c.e.c.i.a.CouponPersistenceAdapter       : version : 5
2025-07-07T19:31:13.407+09:00  INFO 12356 --- [http-nio-8080-exec-86] c.e.c.i.a.CouponPersistenceAdapter       : version : 5
2025-07-07T19:31:13.422+09:00  INFO 12356 --- [http-nio-8080-exec-127] c.e.c.i.a.CouponPersistenceAdapter       : version : 5
2025-07-07T19:31:13.436+09:00  INFO 12356 --- [http-nio-8080-exec-112] c.e.c.i.a.CouponPersistenceAdapter       : version : 5
2025-07-07T19:31:13.450+09:00  INFO 12356 --- [http-nio-8080-exec-142] c.e.c.i.a.CouponPersistenceAdapter       : version : 5
2025-07-07T19:31:13.460+09:00  INFO 12356 --- [http-nio-8080-exec-150] c.e.c.i.a.CouponPersistenceAdapter       : version : 5
2025-07-07T19:31:13.470+09:00  INFO 12356 --- [http-nio-8080-exec-165] c.e.c.i.a.CouponPersistenceAdapter       : version : 5
2025-07-07T19:31:13.480+09:00  INFO 12356 --- [http-nio-8080-exec-45] c.e.c.i.a.CouponPersistenceAdapter       : version : 5
2025-07-07T19:31:13.493+09:00  INFO 12356 --- [http-nio-8080-exec-8] c.e.c.i.a.CouponPersistenceAdapter       : version : 5
2025-07-07T19:31:13.506+09:00  INFO 12356 --- [http-nio-8080-exec-179] c.e.c.i.a.CouponPersistenceAdapter       : version : 5
2025-07-07T19:31:13.519+09:00  INFO 12356 --- [http-nio-8080-exec-186] c.e.c.i.a.CouponPersistenceAdapter       : version : 5
2025-07-07T19:31:13.532+09:00  INFO 12356 --- [http-nio-8080-exec-83] c.e.c.i.a.CouponPersistenceAdapter       : version : 5
2025-07-07T19:31:13.541+09:00  INFO 12356 --- [http-nio-8080-exec-99] c.e.c.i.a.CouponPersistenceAdapter       : version : 5
2025-07-07T19:31:13.552+09:00  INFO 12356 --- [http-nio-8080-exec-188] c.e.c.i.a.CouponPersistenceAdapter       : version : 5
2025-07-07T19:31:13.564+09:00  INFO 12356 --- [http-nio-8080-exec-94] c.e.c.i.a.CouponPersistenceAdapter       : version : 5
2025-07-07T19:31:13.581+09:00  INFO 12356 --- [http-nio-8080-exec-58] c.e.c.i.a.CouponPersistenceAdapter       : version : 5
2025-07-07T19:31:13.593+09:00  INFO 12356 --- [http-nio-8080-exec-196] c.e.c.i.a.CouponPersistenceAdapter       : version : 5
2025-07-07T19:31:13.613+09:00  INFO 12356 --- [http-nio-8080-exec-167] c.e.c.i.a.CouponPersistenceAdapter       : version : 5
2025-07-07T19:31:13.625+09:00  INFO 12356 --- [http-nio-8080-exec-148] c.e.c.i.a.CouponPersistenceAdapter       : version : 5
2025-07-07T19:31:13.645+09:00  INFO 12356 --- [http-nio-8080-exec-139] c.e.c.i.a.CouponPersistenceAdapter       : version : 5
2025-07-07T19:31:13.654+09:00  INFO 12356 --- [http-nio-8080-exec-76] c.e.c.i.a.CouponPersistenceAdapter       : version : 5
2025-07-07T19:31:13.668+09:00  INFO 12356 --- [http-nio-8080-exec-97] c.e.c.i.a.CouponPersistenceAdapter       : version : 5
2025-07-07T19:31:13.677+09:00  INFO 12356 --- [http-nio-8080-exec-111] c.e.c.i.a.CouponPersistenceAdapter       : version : 5
2025-07-07T19:31:13.695+09:00  INFO 12356 --- [http-nio-8080-exec-115] c.e.c.i.a.CouponPersistenceAdapter       : version : 5
2025-07-07T19:31:13.706+09:00  INFO 12356 --- [http-nio-8080-exec-162] c.e.c.i.a.CouponPersistenceAdapter       : version : 5
2025-07-07T19:31:13.719+09:00  INFO 12356 --- [http-nio-8080-exec-23] c.e.c.i.a.CouponPersistenceAdapter       : version : 5
2025-07-07T19:31:13.730+09:00  INFO 12356 --- [http-nio-8080-exec-98] c.e.c.i.a.CouponPersistenceAdapter       : version : 5
2025-07-07T19:31:13.742+09:00  INFO 12356 --- [http-nio-8080-exec-128] c.e.c.i.a.CouponPersistenceAdapter       : version : 5
2025-07-07T19:31:13.755+09:00  INFO 12356 --- [http-nio-8080-exec-57] c.e.c.i.a.CouponPersistenceAdapter       : version : 5
2025-07-07T19:31:13.772+09:00  INFO 12356 --- [http-nio-8080-exec-60] c.e.c.i.a.CouponPersistenceAdapter       : version : 5
2025-07-07T19:31:13.786+09:00  INFO 12356 --- [http-nio-8080-exec-133] c.e.c.i.a.CouponPersistenceAdapter       : version : 5
2025-07-07T19:31:13.800+09:00  INFO 12356 --- [http-nio-8080-exec-156] c.e.c.i.a.CouponPersistenceAdapter       : version : 5
2025-07-07T19:31:13.817+09:00  INFO 12356 --- [http-nio-8080-exec-82] c.e.c.i.a.CouponPersistenceAdapter       : version : 5
2025-07-07T19:31:13.829+09:00  INFO 12356 --- [http-nio-8080-exec-84] c.e.c.i.a.CouponPersistenceAdapter       : version : 5
2025-07-07T19:31:13.839+09:00  INFO 12356 --- [http-nio-8080-exec-181] c.e.c.i.a.CouponPersistenceAdapter       : version : 5
2025-07-07T19:31:13.852+09:00  INFO 12356 --- [http-nio-8080-exec-152] c.e.c.i.a.CouponPersistenceAdapter       : version : 5
2025-07-07T19:31:13.864+09:00  INFO 12356 --- [http-nio-8080-exec-168] c.e.c.i.a.CouponPersistenceAdapter       : version : 5
2025-07-07T19:31:13.875+09:00  INFO 12356 --- [http-nio-8080-exec-171] c.e.c.i.a.CouponPersistenceAdapter       : version : 5
2025-07-07T19:31:13.886+09:00  INFO 12356 --- [http-nio-8080-exec-137] c.e.c.i.a.CouponPersistenceAdapter       : version : 5
2025-07-07T19:31:13.901+09:00  INFO 12356 --- [http-nio-8080-exec-146] c.e.c.i.a.CouponPersistenceAdapter       : version : 5
2025-07-07T19:31:13.912+09:00  INFO 12356 --- [http-nio-8080-exec-35] c.e.c.i.a.CouponPersistenceAdapter       : version : 5
2025-07-07T19:31:13.922+09:00  INFO 12356 --- [http-nio-8080-exec-183] c.e.c.i.a.CouponPersistenceAdapter       : version : 5
2025-07-07T19:31:13.933+09:00  INFO 12356 --- [http-nio-8080-exec-72] c.e.c.i.a.CouponPersistenceAdapter       : version : 5
2025-07-07T19:31:13.949+09:00  INFO 12356 --- [http-nio-8080-exec-134] c.e.c.i.a.CouponPersistenceAdapter       : version : 5
2025-07-07T19:31:13.960+09:00  INFO 12356 --- [http-nio-8080-exec-159] c.e.c.i.a.CouponPersistenceAdapter       : version : 5
2025-07-07T19:31:13.977+09:00  INFO 12356 --- [http-nio-8080-exec-119] c.e.c.i.a.CouponPersistenceAdapter       : version : 5
2025-07-07T19:31:13.991+09:00  INFO 12356 --- [http-nio-8080-exec-48] c.e.c.i.a.CouponPersistenceAdapter       : version : 5
2025-07-07T19:31:14.004+09:00  INFO 12356 --- [http-nio-8080-exec-172] c.e.c.i.a.CouponPersistenceAdapter       : version : 5
2025-07-07T19:31:14.020+09:00  INFO 12356 --- [http-nio-8080-exec-68] c.e.c.i.a.CouponPersistenceAdapter       : version : 5
2025-07-07T19:31:14.034+09:00  INFO 12356 --- [http-nio-8080-exec-163] c.e.c.i.a.CouponPersistenceAdapter       : version : 5
2025-07-07T19:31:14.045+09:00  INFO 12356 --- [http-nio-8080-exec-105] c.e.c.i.a.CouponPersistenceAdapter       : version : 5
2025-07-07T19:31:14.054+09:00  INFO 12356 --- [http-nio-8080-exec-9] c.e.c.i.a.CouponPersistenceAdapter       : version : 5
2025-07-07T19:31:14.064+09:00  INFO 12356 --- [http-nio-8080-exec-158] c.e.c.i.a.CouponPersistenceAdapter       : version : 5
2025-07-07T19:31:14.074+09:00  INFO 12356 --- [http-nio-8080-exec-132] c.e.c.i.a.CouponPersistenceAdapter       : version : 5
2025-07-07T19:31:14.086+09:00  INFO 12356 --- [http-nio-8080-exec-120] c.e.c.i.a.CouponPersistenceAdapter       : version : 5
2025-07-07T19:31:14.098+09:00  INFO 12356 --- [http-nio-8080-exec-160] c.e.c.i.a.CouponPersistenceAdapter       : version : 5
2025-07-07T19:31:14.107+09:00  INFO 12356 --- [http-nio-8080-exec-130] c.e.c.i.a.CouponPersistenceAdapter       : version : 5
2025-07-07T19:31:14.117+09:00  INFO 12356 --- [http-nio-8080-exec-17] c.e.c.i.a.CouponPersistenceAdapter       : version : 5
2025-07-07T19:31:14.127+09:00  INFO 12356 --- [http-nio-8080-exec-197] c.e.c.i.a.CouponPersistenceAdapter       : version : 5
2025-07-07T19:31:14.142+09:00  INFO 12356 --- [http-nio-8080-exec-26] c.e.c.i.a.CouponPersistenceAdapter       : version : 5
2025-07-07T19:31:14.151+09:00  INFO 12356 --- [http-nio-8080-exec-79] c.e.c.i.a.CouponPersistenceAdapter       : version : 5
2025-07-07T19:31:14.160+09:00  INFO 12356 --- [http-nio-8080-exec-178] c.e.c.i.a.CouponPersistenceAdapter       : version : 5
2025-07-07T19:31:14.169+09:00  INFO 12356 --- [http-nio-8080-exec-117] c.e.c.i.a.CouponPersistenceAdapter       : version : 5
2025-07-07T19:31:14.181+09:00  INFO 12356 --- [http-nio-8080-exec-109] c.e.c.i.a.CouponPersistenceAdapter       : version : 5
2025-07-07T19:31:14.193+09:00  INFO 12356 --- [http-nio-8080-exec-161] c.e.c.i.a.CouponPersistenceAdapter       : version : 5
2025-07-07T19:31:14.206+09:00  INFO 12356 --- [http-nio-8080-exec-187] c.e.c.i.a.CouponPersistenceAdapter       : version : 5
2025-07-07T19:31:14.217+09:00  INFO 12356 --- [http-nio-8080-exec-90] c.e.c.i.a.CouponPersistenceAdapter       : version : 5
2025-07-07T19:31:14.227+09:00  INFO 12356 --- [http-nio-8080-exec-85] c.e.c.i.a.CouponPersistenceAdapter       : version : 5
2025-07-07T19:31:14.240+09:00  INFO 12356 --- [http-nio-8080-exec-62] c.e.c.i.a.CouponPersistenceAdapter       : version : 5
2025-07-07T19:31:14.252+09:00  INFO 12356 --- [http-nio-8080-exec-182] c.e.c.i.a.CouponPersistenceAdapter       : version : 5
2025-07-07T19:31:14.263+09:00  INFO 12356 --- [http-nio-8080-exec-143] c.e.c.i.a.CouponPersistenceAdapter       : version : 5
2025-07-07T19:31:14.272+09:00  INFO 12356 --- [http-nio-8080-exec-11] c.e.c.i.a.CouponPersistenceAdapter       : version : 5
2025-07-07T19:31:14.285+09:00  INFO 12356 --- [http-nio-8080-exec-157] c.e.c.i.a.CouponPersistenceAdapter       : version : 5
2025-07-07T19:31:14.297+09:00  INFO 12356 --- [http-nio-8080-exec-151] c.e.c.i.a.CouponPersistenceAdapter       : version : 5
2025-07-07T19:31:14.309+09:00  INFO 12356 --- [http-nio-8080-exec-31] c.e.c.i.a.CouponPersistenceAdapter       : version : 5
2025-07-07T19:31:14.322+09:00  INFO 12356 --- [http-nio-8080-exec-194] c.e.c.i.a.CouponPersistenceAdapter       : version : 5
2025-07-07T19:31:14.333+09:00  INFO 12356 --- [http-nio-8080-exec-192] c.e.c.i.a.CouponPersistenceAdapter       : version : 5
2025-07-07T19:31:14.345+09:00  INFO 12356 --- [http-nio-8080-exec-114] c.e.c.i.a.CouponPersistenceAdapter       : version : 5
2025-07-07T19:31:14.354+09:00  INFO 12356 --- [http-nio-8080-exec-191] c.e.c.i.a.CouponPersistenceAdapter       : version : 5
2025-07-07T19:31:14.364+09:00  INFO 12356 --- [http-nio-8080-exec-129] c.e.c.i.a.CouponPersistenceAdapter       : version : 5
2025-07-07T19:31:14.375+09:00  INFO 12356 --- [http-nio-8080-exec-118] c.e.c.i.a.CouponPersistenceAdapter       : version : 5
2025-07-07T19:31:14.391+09:00  INFO 12356 --- [http-nio-8080-exec-170] c.e.c.i.a.CouponPersistenceAdapter       : version : 5
2025-07-07T19:31:14.402+09:00  INFO 12356 --- [http-nio-8080-exec-175] c.e.c.i.a.CouponPersistenceAdapter       : version : 5
2025-07-07T19:31:14.413+09:00  INFO 12356 --- [http-nio-8080-exec-89] c.e.c.i.a.CouponPersistenceAdapter       : version : 5
2025-07-07T19:31:14.424+09:00  INFO 12356 --- [http-nio-8080-exec-73] c.e.c.i.a.CouponPersistenceAdapter       : version : 5
2025-07-07T19:31:14.437+09:00  INFO 12356 --- [http-nio-8080-exec-110] c.e.c.i.a.CouponPersistenceAdapter       : version : 5
2025-07-07T19:31:14.450+09:00  INFO 12356 --- [http-nio-8080-exec-200] c.e.c.i.a.CouponPersistenceAdapter       : version : 5
2025-07-07T19:31:14.460+09:00  INFO 12356 --- [http-nio-8080-exec-193] c.e.c.i.a.CouponPersistenceAdapter       : version : 5
2025-07-07T19:31:14.469+09:00  INFO 12356 --- [http-nio-8080-exec-124] c.e.c.i.a.CouponPersistenceAdapter       : version : 5
2025-07-07T19:31:14.482+09:00  INFO 12356 --- [http-nio-8080-exec-164] c.e.c.i.a.CouponPersistenceAdapter       : version : 5
2025-07-07T19:31:14.494+09:00  INFO 12356 --- [http-nio-8080-exec-113] c.e.c.i.a.CouponPersistenceAdapter       : version : 5
2025-07-07T19:31:14.504+09:00  INFO 12356 --- [http-nio-8080-exec-6] c.e.c.i.a.CouponPersistenceAdapter       : version : 6
2025-07-07T19:31:14.513+09:00  INFO 12356 --- [http-nio-8080-exec-101] c.e.c.i.a.CouponPersistenceAdapter       : version : 6
2025-07-07T19:31:14.522+09:00  INFO 12356 --- [http-nio-8080-exec-13] c.e.c.i.a.CouponPersistenceAdapter       : version : 6
2025-07-07T19:31:14.532+09:00  INFO 12356 --- [http-nio-8080-exec-20] c.e.c.i.a.CouponPersistenceAdapter       : version : 6
2025-07-07T19:31:14.542+09:00  INFO 12356 --- [http-nio-8080-exec-95] c.e.c.i.a.CouponPersistenceAdapter       : version : 6
2025-07-07T19:31:14.552+09:00  INFO 12356 --- [http-nio-8080-exec-18] c.e.c.i.a.CouponPersistenceAdapter       : version : 6
2025-07-07T19:31:14.559+09:00  INFO 12356 --- [http-nio-8080-exec-42] c.e.c.i.a.CouponPersistenceAdapter       : version : 6
2025-07-07T19:31:14.567+09:00  INFO 12356 --- [http-nio-8080-exec-67] c.e.c.i.a.CouponPersistenceAdapter       : version : 6
2025-07-07T19:31:14.579+09:00  INFO 12356 --- [http-nio-8080-exec-30] c.e.c.i.a.CouponPersistenceAdapter       : version : 6
2025-07-07T19:31:14.593+09:00  INFO 12356 --- [http-nio-8080-exec-41] c.e.c.i.a.CouponPersistenceAdapter       : version : 6
2025-07-07T19:31:14.602+09:00  INFO 12356 --- [http-nio-8080-exec-12] c.e.c.i.a.CouponPersistenceAdapter       : version : 6
2025-07-07T19:31:14.612+09:00  INFO 12356 --- [http-nio-8080-exec-135] c.e.c.i.a.CouponPersistenceAdapter       : version : 6
2025-07-07T19:31:14.621+09:00  INFO 12356 --- [http-nio-8080-exec-56] c.e.c.i.a.CouponPersistenceAdapter       : version : 6
2025-07-07T19:31:14.631+09:00  INFO 12356 --- [http-nio-8080-exec-47] c.e.c.i.a.CouponPersistenceAdapter       : version : 6
2025-07-07T19:31:14.644+09:00  INFO 12356 --- [http-nio-8080-exec-21] c.e.c.i.a.CouponPersistenceAdapter       : version : 6
2025-07-07T19:31:14.654+09:00  INFO 12356 --- [http-nio-8080-exec-2] c.e.c.i.a.CouponPersistenceAdapter       : version : 6
2025-07-07T19:31:14.664+09:00  INFO 12356 --- [http-nio-8080-exec-36] c.e.c.i.a.CouponPersistenceAdapter       : version : 6
2025-07-07T19:31:14.677+09:00  INFO 12356 --- [http-nio-8080-exec-4] c.e.c.i.a.CouponPersistenceAdapter       : version : 6
2025-07-07T19:31:14.688+09:00  INFO 12356 --- [http-nio-8080-exec-81] c.e.c.i.a.CouponPersistenceAdapter       : version : 6
2025-07-07T19:31:14.698+09:00  INFO 12356 --- [http-nio-8080-exec-61] c.e.c.i.a.CouponPersistenceAdapter       : version : 6
2025-07-07T19:31:14.705+09:00  INFO 12356 --- [http-nio-8080-exec-49] c.e.c.i.a.CouponPersistenceAdapter       : version : 6
2025-07-07T19:31:14.714+09:00  INFO 12356 --- [http-nio-8080-exec-51] c.e.c.i.a.CouponPersistenceAdapter       : version : 6
2025-07-07T19:31:14.721+09:00  INFO 12356 --- [http-nio-8080-exec-40] c.e.c.i.a.CouponPersistenceAdapter       : version : 6
2025-07-07T19:31:14.731+09:00  INFO 12356 --- [http-nio-8080-exec-5] c.e.c.i.a.CouponPersistenceAdapter       : version : 6
2025-07-07T19:31:14.742+09:00  INFO 12356 --- [http-nio-8080-exec-3] c.e.c.i.a.CouponPersistenceAdapter       : version : 6
2025-07-07T19:31:14.752+09:00  INFO 12356 --- [http-nio-8080-exec-100] c.e.c.i.a.CouponPersistenceAdapter       : version : 6
2025-07-07T19:31:14.760+09:00  INFO 12356 --- [http-nio-8080-exec-28] c.e.c.i.a.CouponPersistenceAdapter       : version : 6
2025-07-07T19:31:14.769+09:00  INFO 12356 --- [http-nio-8080-exec-55] c.e.c.i.a.CouponPersistenceAdapter       : version : 6
2025-07-07T19:31:14.778+09:00  INFO 12356 --- [http-nio-8080-exec-44] c.e.c.i.a.CouponPersistenceAdapter       : version : 6
2025-07-07T19:31:14.802+09:00  INFO 12356 --- [http-nio-8080-exec-96] c.e.c.i.a.CouponPersistenceAdapter       : version : 6
2025-07-07T19:31:14.824+09:00  INFO 12356 --- [http-nio-8080-exec-106] c.e.c.i.a.CouponPersistenceAdapter       : version : 6
2025-07-07T19:31:14.845+09:00  INFO 12356 --- [http-nio-8080-exec-39] c.e.c.i.a.CouponPersistenceAdapter       : version : 6
2025-07-07T19:31:14.856+09:00  INFO 12356 --- [http-nio-8080-exec-38] c.e.c.i.a.CouponPersistenceAdapter       : version : 6
2025-07-07T19:31:14.900+09:00  INFO 12356 --- [http-nio-8080-exec-1] c.e.c.i.a.CouponPersistenceAdapter       : version : 6
2025-07-07T19:31:14.919+09:00  INFO 12356 --- [http-nio-8080-exec-34] c.e.c.i.a.CouponPersistenceAdapter       : version : 6
2025-07-07T19:31:14.944+09:00  INFO 12356 --- [http-nio-8080-exec-53] c.e.c.i.a.CouponPersistenceAdapter       : version : 6
2025-07-07T19:31:14.987+09:00  INFO 12356 --- [http-nio-8080-exec-87] c.e.c.i.a.CouponPersistenceAdapter       : version : 6
2025-07-07T19:31:15.000+09:00  INFO 12356 --- [http-nio-8080-exec-107] c.e.c.i.a.CouponPersistenceAdapter       : version : 6
2025-07-07T19:31:15.010+09:00  INFO 12356 --- [http-nio-8080-exec-33] c.e.c.i.a.CouponPersistenceAdapter       : version : 6
2025-07-07T19:31:15.020+09:00  INFO 12356 --- [http-nio-8080-exec-50] c.e.c.i.a.CouponPersistenceAdapter       : version : 6
2025-07-07T19:31:15.032+09:00  INFO 12356 --- [http-nio-8080-exec-7] c.e.c.i.a.CouponPersistenceAdapter       : version : 6
2025-07-07T19:31:15.045+09:00  INFO 12356 --- [http-nio-8080-exec-14] c.e.c.i.a.CouponPersistenceAdapter       : version : 6
2025-07-07T19:31:15.056+09:00  INFO 12356 --- [http-nio-8080-exec-54] c.e.c.i.a.CouponPersistenceAdapter       : version : 6
2025-07-07T19:31:15.066+09:00  INFO 12356 --- [http-nio-8080-exec-29] c.e.c.i.a.CouponPersistenceAdapter       : version : 6
2025-07-07T19:31:15.080+09:00  INFO 12356 --- [http-nio-8080-exec-22] c.e.c.i.a.CouponPersistenceAdapter       : version : 6
2025-07-07T19:31:15.097+09:00  INFO 12356 --- [http-nio-8080-exec-144] c.e.c.i.a.CouponPersistenceAdapter       : version : 6
2025-07-07T19:31:15.109+09:00  INFO 12356 --- [http-nio-8080-exec-24] c.e.c.i.a.CouponPersistenceAdapter       : version : 6
2025-07-07T19:31:15.117+09:00  INFO 12356 --- [http-nio-8080-exec-15] c.e.c.i.a.CouponPersistenceAdapter       : version : 6
2025-07-07T19:31:15.125+09:00  INFO 12356 --- [http-nio-8080-exec-166] c.e.c.i.a.CouponPersistenceAdapter       : version : 6
2025-07-07T19:31:15.134+09:00  INFO 12356 --- [http-nio-8080-exec-93] c.e.c.i.a.CouponPersistenceAdapter       : version : 6
2025-07-07T19:31:15.145+09:00  INFO 12356 --- [http-nio-8080-exec-32] c.e.c.i.a.CouponPersistenceAdapter       : version : 6
2025-07-07T19:31:15.154+09:00  INFO 12356 --- [http-nio-8080-exec-136] c.e.c.i.a.CouponPersistenceAdapter       : version : 6
2025-07-07T19:31:15.162+09:00  INFO 12356 --- [http-nio-8080-exec-70] c.e.c.i.a.CouponPersistenceAdapter       : version : 6
2025-07-07T19:31:15.170+09:00  INFO 12356 --- [http-nio-8080-exec-19] c.e.c.i.a.CouponPersistenceAdapter       : version : 6
2025-07-07T19:31:15.179+09:00  INFO 12356 --- [http-nio-8080-exec-71] c.e.c.i.a.CouponPersistenceAdapter       : version : 6
2025-07-07T19:31:15.191+09:00  INFO 12356 --- [http-nio-8080-exec-10] c.e.c.i.a.CouponPersistenceAdapter       : version : 6
2025-07-07T19:31:15.202+09:00  INFO 12356 --- [http-nio-8080-exec-43] c.e.c.i.a.CouponPersistenceAdapter       : version : 6
2025-07-07T19:31:15.212+09:00  INFO 12356 --- [http-nio-8080-exec-147] c.e.c.i.a.CouponPersistenceAdapter       : version : 6
2025-07-07T19:31:15.219+09:00  INFO 12356 --- [http-nio-8080-exec-131] c.e.c.i.a.CouponPersistenceAdapter       : version : 6
2025-07-07T19:31:15.227+09:00  INFO 12356 --- [http-nio-8080-exec-104] c.e.c.i.a.CouponPersistenceAdapter       : version : 6
2025-07-07T19:31:15.238+09:00  INFO 12356 --- [http-nio-8080-exec-37] c.e.c.i.a.CouponPersistenceAdapter       : version : 6
2025-07-07T19:31:15.249+09:00  INFO 12356 --- [http-nio-8080-exec-80] c.e.c.i.a.CouponPersistenceAdapter       : version : 6
2025-07-07T19:31:15.259+09:00  INFO 12356 --- [http-nio-8080-exec-102] c.e.c.i.a.CouponPersistenceAdapter       : version : 6
2025-07-07T19:31:15.284+09:00  INFO 12356 --- [http-nio-8080-exec-16] c.e.c.i.a.CouponPersistenceAdapter       : version : 6
2025-07-07T19:31:15.297+09:00  INFO 12356 --- [http-nio-8080-exec-66] c.e.c.i.a.CouponPersistenceAdapter       : version : 6
2025-07-07T19:31:15.310+09:00  INFO 12356 --- [http-nio-8080-exec-92] c.e.c.i.a.CouponPersistenceAdapter       : version : 6
2025-07-07T19:31:15.329+09:00  INFO 12356 --- [http-nio-8080-exec-138] c.e.c.i.a.CouponPersistenceAdapter       : version : 6
2025-07-07T19:31:15.346+09:00  INFO 12356 --- [http-nio-8080-exec-59] c.e.c.i.a.CouponPersistenceAdapter       : version : 6
2025-07-07T19:31:15.372+09:00  INFO 12356 --- [http-nio-8080-exec-122] c.e.c.i.a.CouponPersistenceAdapter       : version : 6
2025-07-07T19:31:15.396+09:00  INFO 12356 --- [http-nio-8080-exec-177] c.e.c.i.a.CouponPersistenceAdapter       : version : 6
2025-07-07T19:31:15.418+09:00  INFO 12356 --- [http-nio-8080-exec-52] c.e.c.i.a.CouponPersistenceAdapter       : version : 6
2025-07-07T19:31:15.441+09:00  INFO 12356 --- [http-nio-8080-exec-69] c.e.c.i.a.CouponPersistenceAdapter       : version : 6
2025-07-07T19:31:15.457+09:00  INFO 12356 --- [http-nio-8080-exec-27] c.e.c.i.a.CouponPersistenceAdapter       : version : 6
2025-07-07T19:31:15.520+09:00  INFO 12356 --- [http-nio-8080-exec-78] c.e.c.i.a.CouponPersistenceAdapter       : version : 6
2025-07-07T19:31:15.536+09:00  INFO 12356 --- [http-nio-8080-exec-63] c.e.c.i.a.CouponPersistenceAdapter       : version : 6
2025-07-07T19:31:15.547+09:00  INFO 12356 --- [http-nio-8080-exec-149] c.e.c.i.a.CouponPersistenceAdapter       : version : 6
2025-07-07T19:31:15.556+09:00  INFO 12356 --- [http-nio-8080-exec-153] c.e.c.i.a.CouponPersistenceAdapter       : version : 6
2025-07-07T19:31:15.583+09:00  INFO 12356 --- [http-nio-8080-exec-65] c.e.c.i.a.CouponPersistenceAdapter       : version : 6
2025-07-07T19:31:15.606+09:00  INFO 12356 --- [http-nio-8080-exec-64] c.e.c.i.a.CouponPersistenceAdapter       : version : 6
2025-07-07T19:31:15.614+09:00  INFO 12356 --- [http-nio-8080-exec-125] c.e.c.i.a.CouponPersistenceAdapter       : version : 6
2025-07-07T19:31:15.630+09:00  INFO 12356 --- [http-nio-8080-exec-77] c.e.c.i.a.CouponPersistenceAdapter       : version : 6
2025-07-07T19:31:15.647+09:00  INFO 12356 --- [http-nio-8080-exec-140] c.e.c.i.a.CouponPersistenceAdapter       : version : 6
2025-07-07T19:31:15.659+09:00  INFO 12356 --- [http-nio-8080-exec-145] c.e.c.i.a.CouponPersistenceAdapter       : version : 6
2025-07-07T19:31:15.676+09:00  INFO 12356 --- [http-nio-8080-exec-169] c.e.c.i.a.CouponPersistenceAdapter       : version : 6
2025-07-07T19:31:15.692+09:00  INFO 12356 --- [http-nio-8080-exec-190] c.e.c.i.a.CouponPersistenceAdapter       : version : 6
2025-07-07T19:31:15.704+09:00  INFO 12356 --- [http-nio-8080-exec-155] c.e.c.i.a.CouponPersistenceAdapter       : version : 6
2025-07-07T19:31:15.720+09:00  INFO 12356 --- [http-nio-8080-exec-198] c.e.c.i.a.CouponPersistenceAdapter       : version : 6
2025-07-07T19:31:15.738+09:00  INFO 12356 --- [http-nio-8080-exec-91] c.e.c.i.a.CouponPersistenceAdapter       : version : 6
2025-07-07T19:31:15.755+09:00  INFO 12356 --- [http-nio-8080-exec-185] c.e.c.i.a.CouponPersistenceAdapter       : version : 6
2025-07-07T19:31:15.765+09:00  INFO 12356 --- [http-nio-8080-exec-123] c.e.c.i.a.CouponPersistenceAdapter       : version : 6
2025-07-07T19:31:15.774+09:00  INFO 12356 --- [http-nio-8080-exec-176] c.e.c.i.a.CouponPersistenceAdapter       : version : 6
2025-07-07T19:31:15.807+09:00  INFO 12356 --- [http-nio-8080-exec-25] c.e.c.i.a.CouponPersistenceAdapter       : version : 6
2025-07-07T19:31:15.816+09:00  INFO 12356 --- [http-nio-8080-exec-195] c.e.c.i.a.CouponPersistenceAdapter       : version : 6
2025-07-07T19:31:15.826+09:00  INFO 12356 --- [http-nio-8080-exec-184] c.e.c.i.a.CouponPersistenceAdapter       : version : 6
2025-07-07T19:31:15.837+09:00  INFO 12356 --- [http-nio-8080-exec-173] c.e.c.i.a.CouponPersistenceAdapter       : version : 6
2025-07-07T19:31:15.847+09:00  INFO 12356 --- [http-nio-8080-exec-88] c.e.c.i.a.CouponPersistenceAdapter       : version : 6
2025-07-07T19:31:15.855+09:00  INFO 12356 --- [http-nio-8080-exec-108] c.e.c.i.a.CouponPersistenceAdapter       : version : 6
2025-07-07T19:31:15.873+09:00  INFO 12356 --- [http-nio-8080-exec-116] c.e.c.i.a.CouponPersistenceAdapter       : version : 6
2025-07-07T19:31:15.884+09:00  INFO 12356 --- [http-nio-8080-exec-174] c.e.c.i.a.CouponPersistenceAdapter       : version : 6
2025-07-07T19:31:15.897+09:00  INFO 12356 --- [http-nio-8080-exec-126] c.e.c.i.a.CouponPersistenceAdapter       : version : 6
2025-07-07T19:31:15.908+09:00  INFO 12356 --- [http-nio-8080-exec-121] c.e.c.i.a.CouponPersistenceAdapter       : version : 6
2025-07-07T19:31:15.919+09:00  INFO 12356 --- [http-nio-8080-exec-46] c.e.c.i.a.CouponPersistenceAdapter       : version : 6
2025-07-07T19:31:15.929+09:00  INFO 12356 --- [http-nio-8080-exec-74] c.e.c.i.a.CouponPersistenceAdapter       : version : 6
2025-07-07T19:31:15.944+09:00  INFO 12356 --- [http-nio-8080-exec-199] c.e.c.i.a.CouponPersistenceAdapter       : version : 6
2025-07-07T19:31:15.974+09:00  INFO 12356 --- [http-nio-8080-exec-189] c.e.c.i.a.CouponPersistenceAdapter       : version : 6
2025-07-07T19:31:15.982+09:00  INFO 12356 --- [http-nio-8080-exec-103] c.e.c.i.a.CouponPersistenceAdapter       : version : 6
2025-07-07T19:31:15.993+09:00  INFO 12356 --- [http-nio-8080-exec-154] c.e.c.i.a.CouponPersistenceAdapter       : version : 6
2025-07-07T19:31:16.006+09:00  INFO 12356 --- [http-nio-8080-exec-141] c.e.c.i.a.CouponPersistenceAdapter       : version : 6
2025-07-07T19:31:16.018+09:00  INFO 12356 --- [http-nio-8080-exec-180] c.e.c.i.a.CouponPersistenceAdapter       : version : 6
2025-07-07T19:31:16.030+09:00  INFO 12356 --- [http-nio-8080-exec-75] c.e.c.i.a.CouponPersistenceAdapter       : version : 6
2025-07-07T19:31:16.043+09:00  INFO 12356 --- [http-nio-8080-exec-86] c.e.c.i.a.CouponPersistenceAdapter       : version : 6
2025-07-07T19:31:16.052+09:00  INFO 12356 --- [http-nio-8080-exec-127] c.e.c.i.a.CouponPersistenceAdapter       : version : 6
2025-07-07T19:31:16.063+09:00  INFO 12356 --- [http-nio-8080-exec-112] c.e.c.i.a.CouponPersistenceAdapter       : version : 6
2025-07-07T19:31:16.084+09:00  INFO 12356 --- [http-nio-8080-exec-142] c.e.c.i.a.CouponPersistenceAdapter       : version : 6
2025-07-07T19:31:16.098+09:00  INFO 12356 --- [http-nio-8080-exec-150] c.e.c.i.a.CouponPersistenceAdapter       : version : 6
2025-07-07T19:31:16.111+09:00  INFO 12356 --- [http-nio-8080-exec-165] c.e.c.i.a.CouponPersistenceAdapter       : version : 6
2025-07-07T19:31:16.122+09:00  INFO 12356 --- [http-nio-8080-exec-45] c.e.c.i.a.CouponPersistenceAdapter       : version : 6
2025-07-07T19:31:16.143+09:00  INFO 12356 --- [http-nio-8080-exec-8] c.e.c.i.a.CouponPersistenceAdapter       : version : 6
2025-07-07T19:31:16.154+09:00  INFO 12356 --- [http-nio-8080-exec-179] c.e.c.i.a.CouponPersistenceAdapter       : version : 6
2025-07-07T19:31:16.169+09:00  INFO 12356 --- [http-nio-8080-exec-186] c.e.c.i.a.CouponPersistenceAdapter       : version : 6
2025-07-07T19:31:16.180+09:00  INFO 12356 --- [http-nio-8080-exec-83] c.e.c.i.a.CouponPersistenceAdapter       : version : 6
2025-07-07T19:31:16.194+09:00  INFO 12356 --- [http-nio-8080-exec-99] c.e.c.i.a.CouponPersistenceAdapter       : version : 6
2025-07-07T19:31:16.243+09:00  INFO 12356 --- [http-nio-8080-exec-188] c.e.c.i.a.CouponPersistenceAdapter       : version : 6
2025-07-07T19:31:16.406+09:00  INFO 12356 --- [http-nio-8080-exec-94] c.e.c.i.a.CouponPersistenceAdapter       : version : 6
2025-07-07T19:31:16.530+09:00  INFO 12356 --- [http-nio-8080-exec-58] c.e.c.i.a.CouponPersistenceAdapter       : version : 6
2025-07-07T19:31:16.545+09:00  INFO 12356 --- [http-nio-8080-exec-196] c.e.c.i.a.CouponPersistenceAdapter       : version : 6
2025-07-07T19:31:16.564+09:00  INFO 12356 --- [http-nio-8080-exec-167] c.e.c.i.a.CouponPersistenceAdapter       : version : 6
2025-07-07T19:31:16.581+09:00  INFO 12356 --- [http-nio-8080-exec-148] c.e.c.i.a.CouponPersistenceAdapter       : version : 6
2025-07-07T19:31:16.605+09:00  INFO 12356 --- [http-nio-8080-exec-139] c.e.c.i.a.CouponPersistenceAdapter       : version : 6
2025-07-07T19:31:16.617+09:00  INFO 12356 --- [http-nio-8080-exec-76] c.e.c.i.a.CouponPersistenceAdapter       : version : 6
2025-07-07T19:31:16.630+09:00  INFO 12356 --- [http-nio-8080-exec-97] c.e.c.i.a.CouponPersistenceAdapter       : version : 6
2025-07-07T19:31:16.692+09:00  INFO 12356 --- [http-nio-8080-exec-111] c.e.c.i.a.CouponPersistenceAdapter       : version : 6
2025-07-07T19:31:16.705+09:00  INFO 12356 --- [http-nio-8080-exec-115] c.e.c.i.a.CouponPersistenceAdapter       : version : 6
2025-07-07T19:31:16.718+09:00  INFO 12356 --- [http-nio-8080-exec-162] c.e.c.i.a.CouponPersistenceAdapter       : version : 6
2025-07-07T19:31:16.730+09:00  INFO 12356 --- [http-nio-8080-exec-23] c.e.c.i.a.CouponPersistenceAdapter       : version : 6
2025-07-07T19:31:16.748+09:00  INFO 12356 --- [http-nio-8080-exec-98] c.e.c.i.a.CouponPersistenceAdapter       : version : 6
2025-07-07T19:31:16.761+09:00  INFO 12356 --- [http-nio-8080-exec-128] c.e.c.i.a.CouponPersistenceAdapter       : version : 6
2025-07-07T19:31:16.775+09:00  INFO 12356 --- [http-nio-8080-exec-57] c.e.c.i.a.CouponPersistenceAdapter       : version : 6
2025-07-07T19:31:16.794+09:00  INFO 12356 --- [http-nio-8080-exec-60] c.e.c.i.a.CouponPersistenceAdapter       : version : 6
2025-07-07T19:31:16.808+09:00  INFO 12356 --- [http-nio-8080-exec-133] c.e.c.i.a.CouponPersistenceAdapter       : version : 6
2025-07-07T19:31:16.820+09:00  INFO 12356 --- [http-nio-8080-exec-156] c.e.c.i.a.CouponPersistenceAdapter       : version : 6
2025-07-07T19:31:16.836+09:00  INFO 12356 --- [http-nio-8080-exec-82] c.e.c.i.a.CouponPersistenceAdapter       : version : 6
2025-07-07T19:31:16.860+09:00  INFO 12356 --- [http-nio-8080-exec-84] c.e.c.i.a.CouponPersistenceAdapter       : version : 6
2025-07-07T19:31:16.878+09:00  INFO 12356 --- [http-nio-8080-exec-181] c.e.c.i.a.CouponPersistenceAdapter       : version : 6
2025-07-07T19:31:16.903+09:00  INFO 12356 --- [http-nio-8080-exec-152] c.e.c.i.a.CouponPersistenceAdapter       : version : 6
2025-07-07T19:31:16.917+09:00  INFO 12356 --- [http-nio-8080-exec-168] c.e.c.i.a.CouponPersistenceAdapter       : version : 6
2025-07-07T19:31:16.933+09:00  INFO 12356 --- [http-nio-8080-exec-171] c.e.c.i.a.CouponPersistenceAdapter       : version : 6
2025-07-07T19:31:16.948+09:00  INFO 12356 --- [http-nio-8080-exec-137] c.e.c.i.a.CouponPersistenceAdapter       : version : 6
2025-07-07T19:31:16.957+09:00  INFO 12356 --- [http-nio-8080-exec-146] c.e.c.i.a.CouponPersistenceAdapter       : version : 6
2025-07-07T19:31:16.970+09:00  INFO 12356 --- [http-nio-8080-exec-35] c.e.c.i.a.CouponPersistenceAdapter       : version : 6
2025-07-07T19:31:16.981+09:00  INFO 12356 --- [http-nio-8080-exec-183] c.e.c.i.a.CouponPersistenceAdapter       : version : 6
2025-07-07T19:31:16.991+09:00  INFO 12356 --- [http-nio-8080-exec-72] c.e.c.i.a.CouponPersistenceAdapter       : version : 6
2025-07-07T19:31:17.000+09:00  INFO 12356 --- [http-nio-8080-exec-134] c.e.c.i.a.CouponPersistenceAdapter       : version : 6
2025-07-07T19:31:17.012+09:00  INFO 12356 --- [http-nio-8080-exec-159] c.e.c.i.a.CouponPersistenceAdapter       : version : 6
2025-07-07T19:31:17.023+09:00  INFO 12356 --- [http-nio-8080-exec-119] c.e.c.i.a.CouponPersistenceAdapter       : version : 6
2025-07-07T19:31:17.035+09:00  INFO 12356 --- [http-nio-8080-exec-48] c.e.c.i.a.CouponPersistenceAdapter       : version : 6
2025-07-07T19:31:17.046+09:00  INFO 12356 --- [http-nio-8080-exec-172] c.e.c.i.a.CouponPersistenceAdapter       : version : 6
2025-07-07T19:31:17.072+09:00  INFO 12356 --- [http-nio-8080-exec-68] c.e.c.i.a.CouponPersistenceAdapter       : version : 6
2025-07-07T19:31:17.081+09:00  INFO 12356 --- [http-nio-8080-exec-163] c.e.c.i.a.CouponPersistenceAdapter       : version : 6
2025-07-07T19:31:17.093+09:00  INFO 12356 --- [http-nio-8080-exec-105] c.e.c.i.a.CouponPersistenceAdapter       : version : 6
2025-07-07T19:31:17.102+09:00  INFO 12356 --- [http-nio-8080-exec-9] c.e.c.i.a.CouponPersistenceAdapter       : version : 6
2025-07-07T19:31:17.111+09:00  INFO 12356 --- [http-nio-8080-exec-158] c.e.c.i.a.CouponPersistenceAdapter       : version : 6
2025-07-07T19:31:17.120+09:00  INFO 12356 --- [http-nio-8080-exec-132] c.e.c.i.a.CouponPersistenceAdapter       : version : 6
2025-07-07T19:31:17.138+09:00  INFO 12356 --- [http-nio-8080-exec-120] c.e.c.i.a.CouponPersistenceAdapter       : version : 6
2025-07-07T19:31:17.149+09:00  INFO 12356 --- [http-nio-8080-exec-160] c.e.c.i.a.CouponPersistenceAdapter       : version : 6
2025-07-07T19:31:17.156+09:00  INFO 12356 --- [http-nio-8080-exec-130] c.e.c.i.a.CouponPersistenceAdapter       : version : 6
2025-07-07T19:31:17.165+09:00  INFO 12356 --- [http-nio-8080-exec-17] c.e.c.i.a.CouponPersistenceAdapter       : version : 6
2025-07-07T19:31:17.172+09:00  INFO 12356 --- [http-nio-8080-exec-197] c.e.c.i.a.CouponPersistenceAdapter       : version : 6
2025-07-07T19:31:17.182+09:00  INFO 12356 --- [http-nio-8080-exec-26] c.e.c.i.a.CouponPersistenceAdapter       : version : 6
2025-07-07T19:31:17.192+09:00  INFO 12356 --- [http-nio-8080-exec-79] c.e.c.i.a.CouponPersistenceAdapter       : version : 6
2025-07-07T19:31:17.215+09:00  INFO 12356 --- [http-nio-8080-exec-178] c.e.c.i.a.CouponPersistenceAdapter       : version : 6
2025-07-07T19:31:17.226+09:00  INFO 12356 --- [http-nio-8080-exec-117] c.e.c.i.a.CouponPersistenceAdapter       : version : 6
2025-07-07T19:31:17.247+09:00  INFO 12356 --- [http-nio-8080-exec-109] c.e.c.i.a.CouponPersistenceAdapter       : version : 6
2025-07-07T19:31:17.261+09:00  INFO 12356 --- [http-nio-8080-exec-161] c.e.c.i.a.CouponPersistenceAdapter       : version : 6
2025-07-07T19:31:17.272+09:00  INFO 12356 --- [http-nio-8080-exec-187] c.e.c.i.a.CouponPersistenceAdapter       : version : 6
2025-07-07T19:31:17.305+09:00  INFO 12356 --- [http-nio-8080-exec-90] c.e.c.i.a.CouponPersistenceAdapter       : version : 6
2025-07-07T19:31:17.323+09:00  INFO 12356 --- [http-nio-8080-exec-85] c.e.c.i.a.CouponPersistenceAdapter       : version : 6
2025-07-07T19:31:17.344+09:00  INFO 12356 --- [http-nio-8080-exec-62] c.e.c.i.a.CouponPersistenceAdapter       : version : 6
2025-07-07T19:31:17.356+09:00  INFO 12356 --- [http-nio-8080-exec-182] c.e.c.i.a.CouponPersistenceAdapter       : version : 6
2025-07-07T19:31:17.367+09:00  INFO 12356 --- [http-nio-8080-exec-143] c.e.c.i.a.CouponPersistenceAdapter       : version : 6
2025-07-07T19:31:17.376+09:00  INFO 12356 --- [http-nio-8080-exec-11] c.e.c.i.a.CouponPersistenceAdapter       : version : 6
2025-07-07T19:31:17.387+09:00  INFO 12356 --- [http-nio-8080-exec-157] c.e.c.i.a.CouponPersistenceAdapter       : version : 6
2025-07-07T19:31:17.398+09:00  INFO 12356 --- [http-nio-8080-exec-151] c.e.c.i.a.CouponPersistenceAdapter       : version : 6
2025-07-07T19:31:17.407+09:00  INFO 12356 --- [http-nio-8080-exec-31] c.e.c.i.a.CouponPersistenceAdapter       : version : 6
2025-07-07T19:31:17.418+09:00  INFO 12356 --- [http-nio-8080-exec-194] c.e.c.i.a.CouponPersistenceAdapter       : version : 6
2025-07-07T19:31:17.425+09:00  INFO 12356 --- [http-nio-8080-exec-192] c.e.c.i.a.CouponPersistenceAdapter       : version : 6
2025-07-07T19:31:17.433+09:00  INFO 12356 --- [http-nio-8080-exec-114] c.e.c.i.a.CouponPersistenceAdapter       : version : 6
2025-07-07T19:31:17.442+09:00  INFO 12356 --- [http-nio-8080-exec-191] c.e.c.i.a.CouponPersistenceAdapter       : version : 6
2025-07-07T19:31:17.452+09:00  INFO 12356 --- [http-nio-8080-exec-129] c.e.c.i.a.CouponPersistenceAdapter       : version : 6
2025-07-07T19:31:17.459+09:00  INFO 12356 --- [http-nio-8080-exec-118] c.e.c.i.a.CouponPersistenceAdapter       : version : 6
2025-07-07T19:31:17.466+09:00  INFO 12356 --- [http-nio-8080-exec-170] c.e.c.i.a.CouponPersistenceAdapter       : version : 6
2025-07-07T19:31:17.476+09:00  INFO 12356 --- [http-nio-8080-exec-175] c.e.c.i.a.CouponPersistenceAdapter       : version : 6
2025-07-07T19:31:17.487+09:00  INFO 12356 --- [http-nio-8080-exec-89] c.e.c.i.a.CouponPersistenceAdapter       : version : 6
2025-07-07T19:31:17.499+09:00  INFO 12356 --- [http-nio-8080-exec-73] c.e.c.i.a.CouponPersistenceAdapter       : version : 6
2025-07-07T19:31:17.507+09:00  INFO 12356 --- [http-nio-8080-exec-110] c.e.c.i.a.CouponPersistenceAdapter       : version : 6
2025-07-07T19:31:17.524+09:00  INFO 12356 --- [http-nio-8080-exec-200] c.e.c.i.a.CouponPersistenceAdapter       : version : 6
2025-07-07T19:31:17.537+09:00  INFO 12356 --- [http-nio-8080-exec-193] c.e.c.i.a.CouponPersistenceAdapter       : version : 6
2025-07-07T19:31:17.558+09:00  INFO 12356 --- [http-nio-8080-exec-124] c.e.c.i.a.CouponPersistenceAdapter       : version : 6
2025-07-07T19:31:17.565+09:00  INFO 12356 --- [http-nio-8080-exec-164] c.e.c.i.a.CouponPersistenceAdapter       : version : 6
2025-07-07T19:31:17.573+09:00  INFO 12356 --- [http-nio-8080-exec-113] c.e.c.i.a.CouponPersistenceAdapter       : version : 6
2025-07-07T19:31:17.583+09:00  INFO 12356 --- [http-nio-8080-exec-6] c.e.c.i.a.CouponPersistenceAdapter       : version : 7
2025-07-07T19:31:17.595+09:00  INFO 12356 --- [http-nio-8080-exec-101] c.e.c.i.a.CouponPersistenceAdapter       : version : 7
2025-07-07T19:31:17.604+09:00  INFO 12356 --- [http-nio-8080-exec-13] c.e.c.i.a.CouponPersistenceAdapter       : version : 7
2025-07-07T19:31:17.612+09:00  INFO 12356 --- [http-nio-8080-exec-20] c.e.c.i.a.CouponPersistenceAdapter       : version : 7
2025-07-07T19:31:17.624+09:00  INFO 12356 --- [http-nio-8080-exec-95] c.e.c.i.a.CouponPersistenceAdapter       : version : 7
2025-07-07T19:31:17.632+09:00  INFO 12356 --- [http-nio-8080-exec-18] c.e.c.i.a.CouponPersistenceAdapter       : version : 7
2025-07-07T19:31:17.651+09:00  INFO 12356 --- [http-nio-8080-exec-42] c.e.c.i.a.CouponPersistenceAdapter       : version : 7
2025-07-07T19:31:17.661+09:00  INFO 12356 --- [http-nio-8080-exec-67] c.e.c.i.a.CouponPersistenceAdapter       : version : 7
2025-07-07T19:31:17.690+09:00  INFO 12356 --- [http-nio-8080-exec-30] c.e.c.i.a.CouponPersistenceAdapter       : version : 7
2025-07-07T19:31:17.706+09:00  INFO 12356 --- [http-nio-8080-exec-41] c.e.c.i.a.CouponPersistenceAdapter       : version : 7
2025-07-07T19:31:17.739+09:00  INFO 12356 --- [http-nio-8080-exec-12] c.e.c.i.a.CouponPersistenceAdapter       : version : 7
2025-07-07T19:31:17.755+09:00  INFO 12356 --- [http-nio-8080-exec-135] c.e.c.i.a.CouponPersistenceAdapter       : version : 7
2025-07-07T19:31:17.772+09:00  INFO 12356 --- [http-nio-8080-exec-56] c.e.c.i.a.CouponPersistenceAdapter       : version : 7
2025-07-07T19:31:17.790+09:00  INFO 12356 --- [http-nio-8080-exec-47] c.e.c.i.a.CouponPersistenceAdapter       : version : 7
2025-07-07T19:31:17.817+09:00  INFO 12356 --- [http-nio-8080-exec-21] c.e.c.i.a.CouponPersistenceAdapter       : version : 7
2025-07-07T19:31:17.845+09:00  INFO 12356 --- [http-nio-8080-exec-2] c.e.c.i.a.CouponPersistenceAdapter       : version : 7
2025-07-07T19:31:17.883+09:00  INFO 12356 --- [http-nio-8080-exec-36] c.e.c.i.a.CouponPersistenceAdapter       : version : 7
2025-07-07T19:31:17.923+09:00  INFO 12356 --- [http-nio-8080-exec-4] c.e.c.i.a.CouponPersistenceAdapter       : version : 7
2025-07-07T19:31:17.978+09:00  INFO 12356 --- [http-nio-8080-exec-81] c.e.c.i.a.CouponPersistenceAdapter       : version : 7
2025-07-07T19:31:18.000+09:00  INFO 12356 --- [http-nio-8080-exec-61] c.e.c.i.a.CouponPersistenceAdapter       : version : 7
2025-07-07T19:31:18.018+09:00  INFO 12356 --- [http-nio-8080-exec-49] c.e.c.i.a.CouponPersistenceAdapter       : version : 7
2025-07-07T19:31:18.037+09:00  INFO 12356 --- [http-nio-8080-exec-51] c.e.c.i.a.CouponPersistenceAdapter       : version : 7
2025-07-07T19:31:18.058+09:00  INFO 12356 --- [http-nio-8080-exec-40] c.e.c.i.a.CouponPersistenceAdapter       : version : 7
2025-07-07T19:31:18.073+09:00  INFO 12356 --- [http-nio-8080-exec-5] c.e.c.i.a.CouponPersistenceAdapter       : version : 7
2025-07-07T19:31:18.114+09:00  INFO 12356 --- [http-nio-8080-exec-3] c.e.c.i.a.CouponPersistenceAdapter       : version : 7
2025-07-07T19:31:18.131+09:00  INFO 12356 --- [http-nio-8080-exec-100] c.e.c.i.a.CouponPersistenceAdapter       : version : 7
2025-07-07T19:31:18.144+09:00  INFO 12356 --- [http-nio-8080-exec-28] c.e.c.i.a.CouponPersistenceAdapter       : version : 7
2025-07-07T19:31:18.159+09:00  INFO 12356 --- [http-nio-8080-exec-55] c.e.c.i.a.CouponPersistenceAdapter       : version : 7
2025-07-07T19:31:18.169+09:00  INFO 12356 --- [http-nio-8080-exec-44] c.e.c.i.a.CouponPersistenceAdapter       : version : 7
2025-07-07T19:31:18.180+09:00  INFO 12356 --- [http-nio-8080-exec-96] c.e.c.i.a.CouponPersistenceAdapter       : version : 7
2025-07-07T19:31:18.190+09:00  INFO 12356 --- [http-nio-8080-exec-106] c.e.c.i.a.CouponPersistenceAdapter       : version : 7
2025-07-07T19:31:18.204+09:00  INFO 12356 --- [http-nio-8080-exec-39] c.e.c.i.a.CouponPersistenceAdapter       : version : 7
2025-07-07T19:31:18.212+09:00  INFO 12356 --- [http-nio-8080-exec-38] c.e.c.i.a.CouponPersistenceAdapter       : version : 7
2025-07-07T19:31:18.222+09:00  INFO 12356 --- [http-nio-8080-exec-1] c.e.c.i.a.CouponPersistenceAdapter       : version : 7
2025-07-07T19:31:18.233+09:00  INFO 12356 --- [http-nio-8080-exec-34] c.e.c.i.a.CouponPersistenceAdapter       : version : 7
2025-07-07T19:31:18.243+09:00  INFO 12356 --- [http-nio-8080-exec-53] c.e.c.i.a.CouponPersistenceAdapter       : version : 7
2025-07-07T19:31:18.254+09:00  INFO 12356 --- [http-nio-8080-exec-87] c.e.c.i.a.CouponPersistenceAdapter       : version : 7
2025-07-07T19:31:18.266+09:00  INFO 12356 --- [http-nio-8080-exec-107] c.e.c.i.a.CouponPersistenceAdapter       : version : 7
2025-07-07T19:31:18.287+09:00  INFO 12356 --- [http-nio-8080-exec-33] c.e.c.i.a.CouponPersistenceAdapter       : version : 7
2025-07-07T19:31:18.306+09:00  INFO 12356 --- [http-nio-8080-exec-50] c.e.c.i.a.CouponPersistenceAdapter       : version : 7
2025-07-07T19:31:18.344+09:00  INFO 12356 --- [http-nio-8080-exec-7] c.e.c.i.a.CouponPersistenceAdapter       : version : 7
2025-07-07T19:31:18.426+09:00  INFO 12356 --- [http-nio-8080-exec-14] c.e.c.i.a.CouponPersistenceAdapter       : version : 7
2025-07-07T19:31:18.460+09:00  INFO 12356 --- [http-nio-8080-exec-54] c.e.c.i.a.CouponPersistenceAdapter       : version : 7
2025-07-07T19:31:18.471+09:00  INFO 12356 --- [http-nio-8080-exec-29] c.e.c.i.a.CouponPersistenceAdapter       : version : 7
2025-07-07T19:31:18.483+09:00  INFO 12356 --- [http-nio-8080-exec-22] c.e.c.i.a.CouponPersistenceAdapter       : version : 7
2025-07-07T19:31:18.498+09:00  INFO 12356 --- [http-nio-8080-exec-144] c.e.c.i.a.CouponPersistenceAdapter       : version : 7
2025-07-07T19:31:18.509+09:00  INFO 12356 --- [http-nio-8080-exec-24] c.e.c.i.a.CouponPersistenceAdapter       : version : 7
2025-07-07T19:31:18.526+09:00  INFO 12356 --- [http-nio-8080-exec-15] c.e.c.i.a.CouponPersistenceAdapter       : version : 7
2025-07-07T19:31:18.537+09:00  INFO 12356 --- [http-nio-8080-exec-166] c.e.c.i.a.CouponPersistenceAdapter       : version : 7
2025-07-07T19:31:18.548+09:00  INFO 12356 --- [http-nio-8080-exec-93] c.e.c.i.a.CouponPersistenceAdapter       : version : 7
2025-07-07T19:31:18.559+09:00  INFO 12356 --- [http-nio-8080-exec-32] c.e.c.i.a.CouponPersistenceAdapter       : version : 7
2025-07-07T19:31:18.586+09:00  INFO 12356 --- [http-nio-8080-exec-136] c.e.c.i.a.CouponPersistenceAdapter       : version : 7
2025-07-07T19:31:18.601+09:00  INFO 12356 --- [http-nio-8080-exec-70] c.e.c.i.a.CouponPersistenceAdapter       : version : 7
2025-07-07T19:31:18.612+09:00  INFO 12356 --- [http-nio-8080-exec-19] c.e.c.i.a.CouponPersistenceAdapter       : version : 7
2025-07-07T19:31:18.626+09:00  INFO 12356 --- [http-nio-8080-exec-71] c.e.c.i.a.CouponPersistenceAdapter       : version : 7
2025-07-07T19:31:18.641+09:00  INFO 12356 --- [http-nio-8080-exec-10] c.e.c.i.a.CouponPersistenceAdapter       : version : 7
2025-07-07T19:31:18.655+09:00  INFO 12356 --- [http-nio-8080-exec-43] c.e.c.i.a.CouponPersistenceAdapter       : version : 7
2025-07-07T19:31:18.669+09:00  INFO 12356 --- [http-nio-8080-exec-147] c.e.c.i.a.CouponPersistenceAdapter       : version : 7
2025-07-07T19:31:18.683+09:00  INFO 12356 --- [http-nio-8080-exec-131] c.e.c.i.a.CouponPersistenceAdapter       : version : 7
2025-07-07T19:31:18.701+09:00  INFO 12356 --- [http-nio-8080-exec-104] c.e.c.i.a.CouponPersistenceAdapter       : version : 7
2025-07-07T19:31:18.717+09:00  INFO 12356 --- [http-nio-8080-exec-37] c.e.c.i.a.CouponPersistenceAdapter       : version : 7
2025-07-07T19:31:18.732+09:00  INFO 12356 --- [http-nio-8080-exec-80] c.e.c.i.a.CouponPersistenceAdapter       : version : 7
2025-07-07T19:31:18.746+09:00  INFO 12356 --- [http-nio-8080-exec-102] c.e.c.i.a.CouponPersistenceAdapter       : version : 7
2025-07-07T19:31:18.769+09:00  INFO 12356 --- [http-nio-8080-exec-16] c.e.c.i.a.CouponPersistenceAdapter       : version : 7
2025-07-07T19:31:18.781+09:00  INFO 12356 --- [http-nio-8080-exec-66] c.e.c.i.a.CouponPersistenceAdapter       : version : 7
2025-07-07T19:31:18.796+09:00  INFO 12356 --- [http-nio-8080-exec-92] c.e.c.i.a.CouponPersistenceAdapter       : version : 7
2025-07-07T19:31:18.809+09:00  INFO 12356 --- [http-nio-8080-exec-138] c.e.c.i.a.CouponPersistenceAdapter       : version : 7
2025-07-07T19:31:18.821+09:00  INFO 12356 --- [http-nio-8080-exec-59] c.e.c.i.a.CouponPersistenceAdapter       : version : 7
2025-07-07T19:31:18.836+09:00  INFO 12356 --- [http-nio-8080-exec-122] c.e.c.i.a.CouponPersistenceAdapter       : version : 7
2025-07-07T19:31:18.849+09:00  INFO 12356 --- [http-nio-8080-exec-177] c.e.c.i.a.CouponPersistenceAdapter       : version : 7
2025-07-07T19:31:18.863+09:00  INFO 12356 --- [http-nio-8080-exec-52] c.e.c.i.a.CouponPersistenceAdapter       : version : 7
2025-07-07T19:31:18.874+09:00  INFO 12356 --- [http-nio-8080-exec-69] c.e.c.i.a.CouponPersistenceAdapter       : version : 7
2025-07-07T19:31:18.885+09:00  INFO 12356 --- [http-nio-8080-exec-27] c.e.c.i.a.CouponPersistenceAdapter       : version : 7
2025-07-07T19:31:18.896+09:00  INFO 12356 --- [http-nio-8080-exec-78] c.e.c.i.a.CouponPersistenceAdapter       : version : 7
2025-07-07T19:31:18.905+09:00  INFO 12356 --- [http-nio-8080-exec-63] c.e.c.i.a.CouponPersistenceAdapter       : version : 7
2025-07-07T19:31:18.915+09:00  INFO 12356 --- [http-nio-8080-exec-149] c.e.c.i.a.CouponPersistenceAdapter       : version : 7
2025-07-07T19:31:18.921+09:00  INFO 12356 --- [http-nio-8080-exec-153] c.e.c.i.a.CouponPersistenceAdapter       : version : 7
2025-07-07T19:31:18.931+09:00  INFO 12356 --- [http-nio-8080-exec-65] c.e.c.i.a.CouponPersistenceAdapter       : version : 7
2025-07-07T19:31:18.950+09:00  INFO 12356 --- [http-nio-8080-exec-64] c.e.c.i.a.CouponPersistenceAdapter       : version : 7
2025-07-07T19:31:18.959+09:00  INFO 12356 --- [http-nio-8080-exec-125] c.e.c.i.a.CouponPersistenceAdapter       : version : 7
2025-07-07T19:31:18.971+09:00  INFO 12356 --- [http-nio-8080-exec-77] c.e.c.i.a.CouponPersistenceAdapter       : version : 7
2025-07-07T19:31:18.980+09:00  INFO 12356 --- [http-nio-8080-exec-140] c.e.c.i.a.CouponPersistenceAdapter       : version : 7
2025-07-07T19:31:18.994+09:00  INFO 12356 --- [http-nio-8080-exec-145] c.e.c.i.a.CouponPersistenceAdapter       : version : 7
2025-07-07T19:31:19.006+09:00  INFO 12356 --- [http-nio-8080-exec-169] c.e.c.i.a.CouponPersistenceAdapter       : version : 7
2025-07-07T19:31:19.024+09:00  INFO 12356 --- [http-nio-8080-exec-190] c.e.c.i.a.CouponPersistenceAdapter       : version : 7
2025-07-07T19:31:19.037+09:00  INFO 12356 --- [http-nio-8080-exec-155] c.e.c.i.a.CouponPersistenceAdapter       : version : 7
2025-07-07T19:31:19.049+09:00  INFO 12356 --- [http-nio-8080-exec-198] c.e.c.i.a.CouponPersistenceAdapter       : version : 7
2025-07-07T19:31:19.060+09:00  INFO 12356 --- [http-nio-8080-exec-91] c.e.c.i.a.CouponPersistenceAdapter       : version : 7
2025-07-07T19:31:19.071+09:00  INFO 12356 --- [http-nio-8080-exec-185] c.e.c.i.a.CouponPersistenceAdapter       : version : 7
2025-07-07T19:31:19.082+09:00  INFO 12356 --- [http-nio-8080-exec-123] c.e.c.i.a.CouponPersistenceAdapter       : version : 7
2025-07-07T19:31:19.096+09:00  INFO 12356 --- [http-nio-8080-exec-176] c.e.c.i.a.CouponPersistenceAdapter       : version : 7
2025-07-07T19:31:19.113+09:00  INFO 12356 --- [http-nio-8080-exec-25] c.e.c.i.a.CouponPersistenceAdapter       : version : 7
2025-07-07T19:31:19.121+09:00  INFO 12356 --- [http-nio-8080-exec-195] c.e.c.i.a.CouponPersistenceAdapter       : version : 7
2025-07-07T19:31:19.130+09:00  INFO 12356 --- [http-nio-8080-exec-184] c.e.c.i.a.CouponPersistenceAdapter       : version : 7
2025-07-07T19:31:19.142+09:00  INFO 12356 --- [http-nio-8080-exec-173] c.e.c.i.a.CouponPersistenceAdapter       : version : 7
2025-07-07T19:31:19.151+09:00  INFO 12356 --- [http-nio-8080-exec-88] c.e.c.i.a.CouponPersistenceAdapter       : version : 7
2025-07-07T19:31:19.160+09:00  INFO 12356 --- [http-nio-8080-exec-108] c.e.c.i.a.CouponPersistenceAdapter       : version : 7
2025-07-07T19:31:19.169+09:00  INFO 12356 --- [http-nio-8080-exec-116] c.e.c.i.a.CouponPersistenceAdapter       : version : 7
2025-07-07T19:31:19.178+09:00  INFO 12356 --- [http-nio-8080-exec-174] c.e.c.i.a.CouponPersistenceAdapter       : version : 7
2025-07-07T19:31:19.190+09:00  INFO 12356 --- [http-nio-8080-exec-126] c.e.c.i.a.CouponPersistenceAdapter       : version : 7
2025-07-07T19:31:19.203+09:00  INFO 12356 --- [http-nio-8080-exec-121] c.e.c.i.a.CouponPersistenceAdapter       : version : 7
2025-07-07T19:31:19.212+09:00  INFO 12356 --- [http-nio-8080-exec-46] c.e.c.i.a.CouponPersistenceAdapter       : version : 7
2025-07-07T19:31:19.221+09:00  INFO 12356 --- [http-nio-8080-exec-74] c.e.c.i.a.CouponPersistenceAdapter       : version : 7
2025-07-07T19:31:19.231+09:00  INFO 12356 --- [http-nio-8080-exec-199] c.e.c.i.a.CouponPersistenceAdapter       : version : 7
2025-07-07T19:31:19.241+09:00  INFO 12356 --- [http-nio-8080-exec-189] c.e.c.i.a.CouponPersistenceAdapter       : version : 7
2025-07-07T19:31:19.258+09:00  INFO 12356 --- [http-nio-8080-exec-103] c.e.c.i.a.CouponPersistenceAdapter       : version : 7
2025-07-07T19:31:19.271+09:00  INFO 12356 --- [http-nio-8080-exec-154] c.e.c.i.a.CouponPersistenceAdapter       : version : 7
2025-07-07T19:31:19.284+09:00  INFO 12356 --- [http-nio-8080-exec-141] c.e.c.i.a.CouponPersistenceAdapter       : version : 7
2025-07-07T19:31:19.296+09:00  INFO 12356 --- [http-nio-8080-exec-180] c.e.c.i.a.CouponPersistenceAdapter       : version : 7
2025-07-07T19:31:19.306+09:00  INFO 12356 --- [http-nio-8080-exec-75] c.e.c.i.a.CouponPersistenceAdapter       : version : 7
2025-07-07T19:31:19.315+09:00  INFO 12356 --- [http-nio-8080-exec-86] c.e.c.i.a.CouponPersistenceAdapter       : version : 7
2025-07-07T19:31:19.323+09:00  INFO 12356 --- [http-nio-8080-exec-127] c.e.c.i.a.CouponPersistenceAdapter       : version : 7
2025-07-07T19:31:19.338+09:00  INFO 12356 --- [http-nio-8080-exec-112] c.e.c.i.a.CouponPersistenceAdapter       : version : 7
2025-07-07T19:31:19.351+09:00  INFO 12356 --- [http-nio-8080-exec-142] c.e.c.i.a.CouponPersistenceAdapter       : version : 7
2025-07-07T19:31:19.365+09:00  INFO 12356 --- [http-nio-8080-exec-150] c.e.c.i.a.CouponPersistenceAdapter       : version : 7
2025-07-07T19:31:19.376+09:00  INFO 12356 --- [http-nio-8080-exec-165] c.e.c.i.a.CouponPersistenceAdapter       : version : 7
2025-07-07T19:31:19.389+09:00  INFO 12356 --- [http-nio-8080-exec-45] c.e.c.i.a.CouponPersistenceAdapter       : version : 7
2025-07-07T19:31:19.402+09:00  INFO 12356 --- [http-nio-8080-exec-8] c.e.c.i.a.CouponPersistenceAdapter       : version : 7
2025-07-07T19:31:19.436+09:00  INFO 12356 --- [http-nio-8080-exec-179] c.e.c.i.a.CouponPersistenceAdapter       : version : 7
2025-07-07T19:31:19.450+09:00  INFO 12356 --- [http-nio-8080-exec-186] c.e.c.i.a.CouponPersistenceAdapter       : version : 7
2025-07-07T19:31:19.463+09:00  INFO 12356 --- [http-nio-8080-exec-83] c.e.c.i.a.CouponPersistenceAdapter       : version : 7
2025-07-07T19:31:19.489+09:00  INFO 12356 --- [http-nio-8080-exec-99] c.e.c.i.a.CouponPersistenceAdapter       : version : 7
2025-07-07T19:31:19.501+09:00  INFO 12356 --- [http-nio-8080-exec-188] c.e.c.i.a.CouponPersistenceAdapter       : version : 7
2025-07-07T19:31:19.513+09:00  INFO 12356 --- [http-nio-8080-exec-94] c.e.c.i.a.CouponPersistenceAdapter       : version : 7
2025-07-07T19:31:19.526+09:00  INFO 12356 --- [http-nio-8080-exec-58] c.e.c.i.a.CouponPersistenceAdapter       : version : 7
2025-07-07T19:31:19.550+09:00  INFO 12356 --- [http-nio-8080-exec-196] c.e.c.i.a.CouponPersistenceAdapter       : version : 7
2025-07-07T19:31:19.563+09:00  INFO 12356 --- [http-nio-8080-exec-167] c.e.c.i.a.CouponPersistenceAdapter       : version : 7
2025-07-07T19:31:19.574+09:00  INFO 12356 --- [http-nio-8080-exec-148] c.e.c.i.a.CouponPersistenceAdapter       : version : 7
2025-07-07T19:31:19.593+09:00  INFO 12356 --- [http-nio-8080-exec-139] c.e.c.i.a.CouponPersistenceAdapter       : version : 7
2025-07-07T19:31:19.602+09:00  INFO 12356 --- [http-nio-8080-exec-76] c.e.c.i.a.CouponPersistenceAdapter       : version : 7
2025-07-07T19:31:19.613+09:00  INFO 12356 --- [http-nio-8080-exec-97] c.e.c.i.a.CouponPersistenceAdapter       : version : 7
2025-07-07T19:31:19.626+09:00  INFO 12356 --- [http-nio-8080-exec-111] c.e.c.i.a.CouponPersistenceAdapter       : version : 7
2025-07-07T19:31:19.651+09:00  INFO 12356 --- [http-nio-8080-exec-115] c.e.c.i.a.CouponPersistenceAdapter       : version : 7
2025-07-07T19:31:19.663+09:00  INFO 12356 --- [http-nio-8080-exec-162] c.e.c.i.a.CouponPersistenceAdapter       : version : 7
2025-07-07T19:31:19.685+09:00  INFO 12356 --- [http-nio-8080-exec-23] c.e.c.i.a.CouponPersistenceAdapter       : version : 7
2025-07-07T19:31:19.708+09:00  INFO 12356 --- [http-nio-8080-exec-98] c.e.c.i.a.CouponPersistenceAdapter       : version : 7
2025-07-07T19:31:19.723+09:00  INFO 12356 --- [http-nio-8080-exec-128] c.e.c.i.a.CouponPersistenceAdapter       : version : 7
2025-07-07T19:31:19.733+09:00  INFO 12356 --- [http-nio-8080-exec-57] c.e.c.i.a.CouponPersistenceAdapter       : version : 7
2025-07-07T19:31:19.742+09:00  INFO 12356 --- [http-nio-8080-exec-60] c.e.c.i.a.CouponPersistenceAdapter       : version : 7
2025-07-07T19:31:19.753+09:00  INFO 12356 --- [http-nio-8080-exec-133] c.e.c.i.a.CouponPersistenceAdapter       : version : 7
2025-07-07T19:31:19.762+09:00  INFO 12356 --- [http-nio-8080-exec-156] c.e.c.i.a.CouponPersistenceAdapter       : version : 7
2025-07-07T19:31:19.770+09:00  INFO 12356 --- [http-nio-8080-exec-82] c.e.c.i.a.CouponPersistenceAdapter       : version : 7
2025-07-07T19:31:19.778+09:00  INFO 12356 --- [http-nio-8080-exec-84] c.e.c.i.a.CouponPersistenceAdapter       : version : 7
2025-07-07T19:31:19.789+09:00  INFO 12356 --- [http-nio-8080-exec-181] c.e.c.i.a.CouponPersistenceAdapter       : version : 7
2025-07-07T19:31:19.799+09:00  INFO 12356 --- [http-nio-8080-exec-152] c.e.c.i.a.CouponPersistenceAdapter       : version : 7
2025-07-07T19:31:19.809+09:00  INFO 12356 --- [http-nio-8080-exec-168] c.e.c.i.a.CouponPersistenceAdapter       : version : 7
2025-07-07T19:31:19.817+09:00  INFO 12356 --- [http-nio-8080-exec-171] c.e.c.i.a.CouponPersistenceAdapter       : version : 7
2025-07-07T19:31:19.831+09:00  INFO 12356 --- [http-nio-8080-exec-137] c.e.c.i.a.CouponPersistenceAdapter       : version : 7
2025-07-07T19:31:19.843+09:00  INFO 12356 --- [http-nio-8080-exec-146] c.e.c.i.a.CouponPersistenceAdapter       : version : 7
2025-07-07T19:31:19.863+09:00  INFO 12356 --- [http-nio-8080-exec-35] c.e.c.i.a.CouponPersistenceAdapter       : version : 7
2025-07-07T19:31:19.879+09:00  INFO 12356 --- [http-nio-8080-exec-183] c.e.c.i.a.CouponPersistenceAdapter       : version : 7
2025-07-07T19:31:19.890+09:00  INFO 12356 --- [http-nio-8080-exec-72] c.e.c.i.a.CouponPersistenceAdapter       : version : 7
2025-07-07T19:31:19.903+09:00  INFO 12356 --- [http-nio-8080-exec-134] c.e.c.i.a.CouponPersistenceAdapter       : version : 7
2025-07-07T19:31:19.917+09:00  INFO 12356 --- [http-nio-8080-exec-159] c.e.c.i.a.CouponPersistenceAdapter       : version : 7
2025-07-07T19:31:19.932+09:00  INFO 12356 --- [http-nio-8080-exec-119] c.e.c.i.a.CouponPersistenceAdapter       : version : 7
2025-07-07T19:31:19.945+09:00  INFO 12356 --- [http-nio-8080-exec-48] c.e.c.i.a.CouponPersistenceAdapter       : version : 7
2025-07-07T19:31:19.958+09:00  INFO 12356 --- [http-nio-8080-exec-172] c.e.c.i.a.CouponPersistenceAdapter       : version : 7
2025-07-07T19:31:19.969+09:00  INFO 12356 --- [http-nio-8080-exec-68] c.e.c.i.a.CouponPersistenceAdapter       : version : 7
2025-07-07T19:31:19.981+09:00  INFO 12356 --- [http-nio-8080-exec-163] c.e.c.i.a.CouponPersistenceAdapter       : version : 7
2025-07-07T19:31:19.999+09:00  INFO 12356 --- [http-nio-8080-exec-105] c.e.c.i.a.CouponPersistenceAdapter       : version : 7
2025-07-07T19:31:20.012+09:00  INFO 12356 --- [http-nio-8080-exec-9] c.e.c.i.a.CouponPersistenceAdapter       : version : 7
2025-07-07T19:31:20.023+09:00  INFO 12356 --- [http-nio-8080-exec-158] c.e.c.i.a.CouponPersistenceAdapter       : version : 7
2025-07-07T19:31:20.063+09:00  INFO 12356 --- [http-nio-8080-exec-132] c.e.c.i.a.CouponPersistenceAdapter       : version : 7
2025-07-07T19:31:20.117+09:00  INFO 12356 --- [http-nio-8080-exec-120] c.e.c.i.a.CouponPersistenceAdapter       : version : 7
2025-07-07T19:31:20.131+09:00  INFO 12356 --- [http-nio-8080-exec-160] c.e.c.i.a.CouponPersistenceAdapter       : version : 7
2025-07-07T19:31:20.150+09:00  INFO 12356 --- [http-nio-8080-exec-130] c.e.c.i.a.CouponPersistenceAdapter       : version : 7
2025-07-07T19:31:20.161+09:00  INFO 12356 --- [http-nio-8080-exec-17] c.e.c.i.a.CouponPersistenceAdapter       : version : 7
2025-07-07T19:31:20.174+09:00  INFO 12356 --- [http-nio-8080-exec-197] c.e.c.i.a.CouponPersistenceAdapter       : version : 7
2025-07-07T19:31:20.198+09:00  INFO 12356 --- [http-nio-8080-exec-26] c.e.c.i.a.CouponPersistenceAdapter       : version : 7
2025-07-07T19:31:20.240+09:00  INFO 12356 --- [http-nio-8080-exec-79] c.e.c.i.a.CouponPersistenceAdapter       : version : 7
2025-07-07T19:31:20.263+09:00  INFO 12356 --- [http-nio-8080-exec-178] c.e.c.i.a.CouponPersistenceAdapter       : version : 7
2025-07-07T19:31:20.286+09:00  INFO 12356 --- [http-nio-8080-exec-117] c.e.c.i.a.CouponPersistenceAdapter       : version : 7
2025-07-07T19:31:20.322+09:00  INFO 12356 --- [http-nio-8080-exec-109] c.e.c.i.a.CouponPersistenceAdapter       : version : 7
2025-07-07T19:31:20.337+09:00  INFO 12356 --- [http-nio-8080-exec-161] c.e.c.i.a.CouponPersistenceAdapter       : version : 7
2025-07-07T19:31:20.353+09:00  INFO 12356 --- [http-nio-8080-exec-187] c.e.c.i.a.CouponPersistenceAdapter       : version : 7
2025-07-07T19:31:20.366+09:00  INFO 12356 --- [http-nio-8080-exec-90] c.e.c.i.a.CouponPersistenceAdapter       : version : 7
2025-07-07T19:31:20.379+09:00  INFO 12356 --- [http-nio-8080-exec-85] c.e.c.i.a.CouponPersistenceAdapter       : version : 7
2025-07-07T19:31:20.392+09:00  INFO 12356 --- [http-nio-8080-exec-62] c.e.c.i.a.CouponPersistenceAdapter       : version : 7
2025-07-07T19:31:20.405+09:00  INFO 12356 --- [http-nio-8080-exec-182] c.e.c.i.a.CouponPersistenceAdapter       : version : 7
2025-07-07T19:31:20.416+09:00  INFO 12356 --- [http-nio-8080-exec-143] c.e.c.i.a.CouponPersistenceAdapter       : version : 7
2025-07-07T19:31:20.427+09:00  INFO 12356 --- [http-nio-8080-exec-11] c.e.c.i.a.CouponPersistenceAdapter       : version : 7
2025-07-07T19:31:20.443+09:00  INFO 12356 --- [http-nio-8080-exec-157] c.e.c.i.a.CouponPersistenceAdapter       : version : 7
2025-07-07T19:31:20.458+09:00  INFO 12356 --- [http-nio-8080-exec-151] c.e.c.i.a.CouponPersistenceAdapter       : version : 7
2025-07-07T19:31:20.471+09:00  INFO 12356 --- [http-nio-8080-exec-31] c.e.c.i.a.CouponPersistenceAdapter       : version : 7
2025-07-07T19:31:20.488+09:00  INFO 12356 --- [http-nio-8080-exec-194] c.e.c.i.a.CouponPersistenceAdapter       : version : 7
2025-07-07T19:31:20.530+09:00  INFO 12356 --- [http-nio-8080-exec-192] c.e.c.i.a.CouponPersistenceAdapter       : version : 7
2025-07-07T19:31:20.543+09:00  INFO 12356 --- [http-nio-8080-exec-114] c.e.c.i.a.CouponPersistenceAdapter       : version : 7
2025-07-07T19:31:20.558+09:00  INFO 12356 --- [http-nio-8080-exec-191] c.e.c.i.a.CouponPersistenceAdapter       : version : 7
2025-07-07T19:31:20.569+09:00  INFO 12356 --- [http-nio-8080-exec-129] c.e.c.i.a.CouponPersistenceAdapter       : version : 7
2025-07-07T19:31:20.583+09:00  INFO 12356 --- [http-nio-8080-exec-118] c.e.c.i.a.CouponPersistenceAdapter       : version : 7
2025-07-07T19:31:20.606+09:00  INFO 12356 --- [http-nio-8080-exec-170] c.e.c.i.a.CouponPersistenceAdapter       : version : 7
2025-07-07T19:31:20.626+09:00  INFO 12356 --- [http-nio-8080-exec-175] c.e.c.i.a.CouponPersistenceAdapter       : version : 7
2025-07-07T19:31:20.648+09:00  INFO 12356 --- [http-nio-8080-exec-89] c.e.c.i.a.CouponPersistenceAdapter       : version : 7
2025-07-07T19:31:20.675+09:00  INFO 12356 --- [http-nio-8080-exec-73] c.e.c.i.a.CouponPersistenceAdapter       : version : 7
2025-07-07T19:31:20.714+09:00  INFO 12356 --- [http-nio-8080-exec-110] c.e.c.i.a.CouponPersistenceAdapter       : version : 7
2025-07-07T19:31:20.729+09:00  INFO 12356 --- [http-nio-8080-exec-200] c.e.c.i.a.CouponPersistenceAdapter       : version : 7
2025-07-07T19:31:20.744+09:00  INFO 12356 --- [http-nio-8080-exec-193] c.e.c.i.a.CouponPersistenceAdapter       : version : 7
2025-07-07T19:31:20.755+09:00  INFO 12356 --- [http-nio-8080-exec-124] c.e.c.i.a.CouponPersistenceAdapter       : version : 7
2025-07-07T19:31:20.767+09:00  INFO 12356 --- [http-nio-8080-exec-164] c.e.c.i.a.CouponPersistenceAdapter       : version : 7
2025-07-07T19:31:20.787+09:00  INFO 12356 --- [http-nio-8080-exec-113] c.e.c.i.a.CouponPersistenceAdapter       : version : 7
2025-07-07T19:31:20.800+09:00  INFO 12356 --- [http-nio-8080-exec-6] c.e.c.i.a.CouponPersistenceAdapter       : version : 8
2025-07-07T19:31:20.815+09:00  INFO 12356 --- [http-nio-8080-exec-101] c.e.c.i.a.CouponPersistenceAdapter       : version : 8
2025-07-07T19:31:20.827+09:00  INFO 12356 --- [http-nio-8080-exec-13] c.e.c.i.a.CouponPersistenceAdapter       : version : 8
2025-07-07T19:31:20.840+09:00  INFO 12356 --- [http-nio-8080-exec-20] c.e.c.i.a.CouponPersistenceAdapter       : version : 8
2025-07-07T19:31:20.853+09:00  INFO 12356 --- [http-nio-8080-exec-95] c.e.c.i.a.CouponPersistenceAdapter       : version : 8
2025-07-07T19:31:20.867+09:00  INFO 12356 --- [http-nio-8080-exec-18] c.e.c.i.a.CouponPersistenceAdapter       : version : 8
2025-07-07T19:31:20.884+09:00  INFO 12356 --- [http-nio-8080-exec-42] c.e.c.i.a.CouponPersistenceAdapter       : version : 8
2025-07-07T19:31:20.917+09:00  INFO 12356 --- [http-nio-8080-exec-67] c.e.c.i.a.CouponPersistenceAdapter       : version : 8
2025-07-07T19:31:20.954+09:00  INFO 12356 --- [http-nio-8080-exec-30] c.e.c.i.a.CouponPersistenceAdapter       : version : 8
2025-07-07T19:31:20.980+09:00  INFO 12356 --- [http-nio-8080-exec-41] c.e.c.i.a.CouponPersistenceAdapter       : version : 8
2025-07-07T19:31:21.015+09:00  INFO 12356 --- [http-nio-8080-exec-12] c.e.c.i.a.CouponPersistenceAdapter       : version : 8
2025-07-07T19:31:21.070+09:00  INFO 12356 --- [http-nio-8080-exec-135] c.e.c.i.a.CouponPersistenceAdapter       : version : 8
2025-07-07T19:31:21.082+09:00  INFO 12356 --- [http-nio-8080-exec-56] c.e.c.i.a.CouponPersistenceAdapter       : version : 8
2025-07-07T19:31:21.119+09:00  INFO 12356 --- [http-nio-8080-exec-47] c.e.c.i.a.CouponPersistenceAdapter       : version : 8
2025-07-07T19:31:21.149+09:00  INFO 12356 --- [http-nio-8080-exec-21] c.e.c.i.a.CouponPersistenceAdapter       : version : 8
2025-07-07T19:31:21.169+09:00  INFO 12356 --- [http-nio-8080-exec-2] c.e.c.i.a.CouponPersistenceAdapter       : version : 8
2025-07-07T19:31:21.186+09:00  INFO 12356 --- [http-nio-8080-exec-36] c.e.c.i.a.CouponPersistenceAdapter       : version : 8
2025-07-07T19:31:21.202+09:00  INFO 12356 --- [http-nio-8080-exec-4] c.e.c.i.a.CouponPersistenceAdapter       : version : 8
2025-07-07T19:31:21.212+09:00  INFO 12356 --- [http-nio-8080-exec-81] c.e.c.i.a.CouponPersistenceAdapter       : version : 8
2025-07-07T19:31:21.286+09:00  INFO 12356 --- [http-nio-8080-exec-61] c.e.c.i.a.CouponPersistenceAdapter       : version : 8
2025-07-07T19:31:21.305+09:00  INFO 12356 --- [http-nio-8080-exec-49] c.e.c.i.a.CouponPersistenceAdapter       : version : 8
2025-07-07T19:31:21.327+09:00  INFO 12356 --- [http-nio-8080-exec-51] c.e.c.i.a.CouponPersistenceAdapter       : version : 8
2025-07-07T19:31:21.342+09:00  INFO 12356 --- [http-nio-8080-exec-40] c.e.c.i.a.CouponPersistenceAdapter       : version : 8
2025-07-07T19:31:21.356+09:00  INFO 12356 --- [http-nio-8080-exec-5] c.e.c.i.a.CouponPersistenceAdapter       : version : 8
2025-07-07T19:31:21.365+09:00  INFO 12356 --- [http-nio-8080-exec-3] c.e.c.i.a.CouponPersistenceAdapter       : version : 8
2025-07-07T19:31:21.378+09:00  INFO 12356 --- [http-nio-8080-exec-100] c.e.c.i.a.CouponPersistenceAdapter       : version : 8
2025-07-07T19:31:21.399+09:00  INFO 12356 --- [http-nio-8080-exec-28] c.e.c.i.a.CouponPersistenceAdapter       : version : 8
2025-07-07T19:31:21.414+09:00  INFO 12356 --- [http-nio-8080-exec-55] c.e.c.i.a.CouponPersistenceAdapter       : version : 8
2025-07-07T19:31:21.424+09:00  INFO 12356 --- [http-nio-8080-exec-44] c.e.c.i.a.CouponPersistenceAdapter       : version : 8
2025-07-07T19:31:21.437+09:00  INFO 12356 --- [http-nio-8080-exec-96] c.e.c.i.a.CouponPersistenceAdapter       : version : 8
2025-07-07T19:31:21.450+09:00  INFO 12356 --- [http-nio-8080-exec-106] c.e.c.i.a.CouponPersistenceAdapter       : version : 8
2025-07-07T19:31:21.464+09:00  INFO 12356 --- [http-nio-8080-exec-39] c.e.c.i.a.CouponPersistenceAdapter       : version : 8
2025-07-07T19:31:21.478+09:00  INFO 12356 --- [http-nio-8080-exec-38] c.e.c.i.a.CouponPersistenceAdapter       : version : 8
2025-07-07T19:31:21.490+09:00  INFO 12356 --- [http-nio-8080-exec-1] c.e.c.i.a.CouponPersistenceAdapter       : version : 8
2025-07-07T19:31:21.507+09:00  INFO 12356 --- [http-nio-8080-exec-34] c.e.c.i.a.CouponPersistenceAdapter       : version : 8
2025-07-07T19:31:21.520+09:00  INFO 12356 --- [http-nio-8080-exec-53] c.e.c.i.a.CouponPersistenceAdapter       : version : 8
2025-07-07T19:31:21.533+09:00  INFO 12356 --- [http-nio-8080-exec-87] c.e.c.i.a.CouponPersistenceAdapter       : version : 8
2025-07-07T19:31:21.552+09:00  INFO 12356 --- [http-nio-8080-exec-107] c.e.c.i.a.CouponPersistenceAdapter       : version : 8
2025-07-07T19:31:21.563+09:00  INFO 12356 --- [http-nio-8080-exec-33] c.e.c.i.a.CouponPersistenceAdapter       : version : 8
2025-07-07T19:31:21.586+09:00  INFO 12356 --- [http-nio-8080-exec-50] c.e.c.i.a.CouponPersistenceAdapter       : version : 8
2025-07-07T19:31:21.606+09:00  INFO 12356 --- [http-nio-8080-exec-7] c.e.c.i.a.CouponPersistenceAdapter       : version : 8
2025-07-07T19:31:21.619+09:00  INFO 12356 --- [http-nio-8080-exec-14] c.e.c.i.a.CouponPersistenceAdapter       : version : 8
2025-07-07T19:31:21.630+09:00  INFO 12356 --- [http-nio-8080-exec-54] c.e.c.i.a.CouponPersistenceAdapter       : version : 8
2025-07-07T19:31:21.645+09:00  INFO 12356 --- [http-nio-8080-exec-29] c.e.c.i.a.CouponPersistenceAdapter       : version : 8
2025-07-07T19:31:21.654+09:00  INFO 12356 --- [http-nio-8080-exec-22] c.e.c.i.a.CouponPersistenceAdapter       : version : 8
2025-07-07T19:31:21.664+09:00  INFO 12356 --- [http-nio-8080-exec-144] c.e.c.i.a.CouponPersistenceAdapter       : version : 8
2025-07-07T19:31:21.678+09:00  INFO 12356 --- [http-nio-8080-exec-24] c.e.c.i.a.CouponPersistenceAdapter       : version : 8
2025-07-07T19:31:21.696+09:00  INFO 12356 --- [http-nio-8080-exec-15] c.e.c.i.a.CouponPersistenceAdapter       : version : 8
2025-07-07T19:31:21.708+09:00  INFO 12356 --- [http-nio-8080-exec-166] c.e.c.i.a.CouponPersistenceAdapter       : version : 8
2025-07-07T19:31:21.719+09:00  INFO 12356 --- [http-nio-8080-exec-93] c.e.c.i.a.CouponPersistenceAdapter       : version : 8
2025-07-07T19:31:21.730+09:00  INFO 12356 --- [http-nio-8080-exec-32] c.e.c.i.a.CouponPersistenceAdapter       : version : 8
2025-07-07T19:31:21.744+09:00  INFO 12356 --- [http-nio-8080-exec-136] c.e.c.i.a.CouponPersistenceAdapter       : version : 8
2025-07-07T19:31:21.752+09:00  INFO 12356 --- [http-nio-8080-exec-70] c.e.c.i.a.CouponPersistenceAdapter       : version : 8
2025-07-07T19:31:21.763+09:00  INFO 12356 --- [http-nio-8080-exec-19] c.e.c.i.a.CouponPersistenceAdapter       : version : 8
2025-07-07T19:31:21.787+09:00  INFO 12356 --- [http-nio-8080-exec-71] c.e.c.i.a.CouponPersistenceAdapter       : version : 8
2025-07-07T19:31:21.801+09:00  INFO 12356 --- [http-nio-8080-exec-10] c.e.c.i.a.CouponPersistenceAdapter       : version : 8
2025-07-07T19:31:21.809+09:00  INFO 12356 --- [http-nio-8080-exec-43] c.e.c.i.a.CouponPersistenceAdapter       : version : 8
2025-07-07T19:31:21.818+09:00  INFO 12356 --- [http-nio-8080-exec-147] c.e.c.i.a.CouponPersistenceAdapter       : version : 8
2025-07-07T19:31:21.826+09:00  INFO 12356 --- [http-nio-8080-exec-131] c.e.c.i.a.CouponPersistenceAdapter       : version : 8
2025-07-07T19:31:21.837+09:00  INFO 12356 --- [http-nio-8080-exec-104] c.e.c.i.a.CouponPersistenceAdapter       : version : 8
2025-07-07T19:31:21.856+09:00  INFO 12356 --- [http-nio-8080-exec-37] c.e.c.i.a.CouponPersistenceAdapter       : version : 8
2025-07-07T19:31:21.867+09:00  INFO 12356 --- [http-nio-8080-exec-80] c.e.c.i.a.CouponPersistenceAdapter       : version : 8
2025-07-07T19:31:21.879+09:00  INFO 12356 --- [http-nio-8080-exec-102] c.e.c.i.a.CouponPersistenceAdapter       : version : 8
2025-07-07T19:31:21.889+09:00  INFO 12356 --- [http-nio-8080-exec-16] c.e.c.i.a.CouponPersistenceAdapter       : version : 8
2025-07-07T19:31:21.900+09:00  INFO 12356 --- [http-nio-8080-exec-66] c.e.c.i.a.CouponPersistenceAdapter       : version : 8
2025-07-07T19:31:21.913+09:00  INFO 12356 --- [http-nio-8080-exec-92] c.e.c.i.a.CouponPersistenceAdapter       : version : 8
2025-07-07T19:31:21.942+09:00  INFO 12356 --- [http-nio-8080-exec-138] c.e.c.i.a.CouponPersistenceAdapter       : version : 8
2025-07-07T19:31:21.967+09:00  INFO 12356 --- [http-nio-8080-exec-59] c.e.c.i.a.CouponPersistenceAdapter       : version : 8
2025-07-07T19:31:21.976+09:00  INFO 12356 --- [http-nio-8080-exec-122] c.e.c.i.a.CouponPersistenceAdapter       : version : 8
2025-07-07T19:31:22.035+09:00  INFO 12356 --- [http-nio-8080-exec-177] c.e.c.i.a.CouponPersistenceAdapter       : version : 8
2025-07-07T19:31:22.045+09:00  INFO 12356 --- [http-nio-8080-exec-52] c.e.c.i.a.CouponPersistenceAdapter       : version : 8
2025-07-07T19:31:22.053+09:00  INFO 12356 --- [http-nio-8080-exec-69] c.e.c.i.a.CouponPersistenceAdapter       : version : 8
2025-07-07T19:31:22.061+09:00  INFO 12356 --- [http-nio-8080-exec-27] c.e.c.i.a.CouponPersistenceAdapter       : version : 8
2025-07-07T19:31:22.069+09:00  INFO 12356 --- [http-nio-8080-exec-78] c.e.c.i.a.CouponPersistenceAdapter       : version : 8
2025-07-07T19:31:22.076+09:00  INFO 12356 --- [http-nio-8080-exec-63] c.e.c.i.a.CouponPersistenceAdapter       : version : 8
2025-07-07T19:31:22.088+09:00  INFO 12356 --- [http-nio-8080-exec-149] c.e.c.i.a.CouponPersistenceAdapter       : version : 8
2025-07-07T19:31:22.098+09:00  INFO 12356 --- [http-nio-8080-exec-153] c.e.c.i.a.CouponPersistenceAdapter       : version : 8
2025-07-07T19:31:22.109+09:00  INFO 12356 --- [http-nio-8080-exec-65] c.e.c.i.a.CouponPersistenceAdapter       : version : 8
2025-07-07T19:31:22.120+09:00  INFO 12356 --- [http-nio-8080-exec-64] c.e.c.i.a.CouponPersistenceAdapter       : version : 8
2025-07-07T19:31:22.128+09:00  INFO 12356 --- [http-nio-8080-exec-125] c.e.c.i.a.CouponPersistenceAdapter       : version : 8
2025-07-07T19:31:22.145+09:00  INFO 12356 --- [http-nio-8080-exec-77] c.e.c.i.a.CouponPersistenceAdapter       : version : 8
2025-07-07T19:31:22.153+09:00  INFO 12356 --- [http-nio-8080-exec-140] c.e.c.i.a.CouponPersistenceAdapter       : version : 8
2025-07-07T19:31:22.165+09:00  INFO 12356 --- [http-nio-8080-exec-145] c.e.c.i.a.CouponPersistenceAdapter       : version : 8
2025-07-07T19:31:22.181+09:00  INFO 12356 --- [http-nio-8080-exec-169] c.e.c.i.a.CouponPersistenceAdapter       : version : 8
2025-07-07T19:31:22.195+09:00  INFO 12356 --- [http-nio-8080-exec-190] c.e.c.i.a.CouponPersistenceAdapter       : version : 8
2025-07-07T19:31:22.213+09:00  INFO 12356 --- [http-nio-8080-exec-155] c.e.c.i.a.CouponPersistenceAdapter       : version : 8
2025-07-07T19:31:22.225+09:00  INFO 12356 --- [http-nio-8080-exec-198] c.e.c.i.a.CouponPersistenceAdapter       : version : 8
2025-07-07T19:31:22.235+09:00  INFO 12356 --- [http-nio-8080-exec-91] c.e.c.i.a.CouponPersistenceAdapter       : version : 8
2025-07-07T19:31:22.246+09:00  INFO 12356 --- [http-nio-8080-exec-185] c.e.c.i.a.CouponPersistenceAdapter       : version : 8
2025-07-07T19:31:22.256+09:00  INFO 12356 --- [http-nio-8080-exec-123] c.e.c.i.a.CouponPersistenceAdapter       : version : 8
2025-07-07T19:31:22.267+09:00  INFO 12356 --- [http-nio-8080-exec-176] c.e.c.i.a.CouponPersistenceAdapter       : version : 8
2025-07-07T19:31:22.276+09:00  INFO 12356 --- [http-nio-8080-exec-25] c.e.c.i.a.CouponPersistenceAdapter       : version : 8
2025-07-07T19:31:22.287+09:00  INFO 12356 --- [http-nio-8080-exec-195] c.e.c.i.a.CouponPersistenceAdapter       : version : 8
2025-07-07T19:31:22.296+09:00  INFO 12356 --- [http-nio-8080-exec-184] c.e.c.i.a.CouponPersistenceAdapter       : version : 8
2025-07-07T19:31:22.307+09:00  INFO 12356 --- [http-nio-8080-exec-173] c.e.c.i.a.CouponPersistenceAdapter       : version : 8
2025-07-07T19:31:22.314+09:00  INFO 12356 --- [http-nio-8080-exec-88] c.e.c.i.a.CouponPersistenceAdapter       : version : 8
2025-07-07T19:31:22.325+09:00  INFO 12356 --- [http-nio-8080-exec-108] c.e.c.i.a.CouponPersistenceAdapter       : version : 8
2025-07-07T19:31:22.336+09:00  INFO 12356 --- [http-nio-8080-exec-116] c.e.c.i.a.CouponPersistenceAdapter       : version : 8
2025-07-07T19:31:22.345+09:00  INFO 12356 --- [http-nio-8080-exec-174] c.e.c.i.a.CouponPersistenceAdapter       : version : 8
2025-07-07T19:31:22.357+09:00  INFO 12356 --- [http-nio-8080-exec-126] c.e.c.i.a.CouponPersistenceAdapter       : version : 8
2025-07-07T19:31:22.366+09:00  INFO 12356 --- [http-nio-8080-exec-121] c.e.c.i.a.CouponPersistenceAdapter       : version : 8
2025-07-07T19:31:22.376+09:00  INFO 12356 --- [http-nio-8080-exec-46] c.e.c.i.a.CouponPersistenceAdapter       : version : 8
2025-07-07T19:31:22.388+09:00  INFO 12356 --- [http-nio-8080-exec-74] c.e.c.i.a.CouponPersistenceAdapter       : version : 8
2025-07-07T19:31:22.397+09:00  INFO 12356 --- [http-nio-8080-exec-199] c.e.c.i.a.CouponPersistenceAdapter       : version : 8
2025-07-07T19:31:22.405+09:00  INFO 12356 --- [http-nio-8080-exec-189] c.e.c.i.a.CouponPersistenceAdapter       : version : 8
2025-07-07T19:31:22.413+09:00  INFO 12356 --- [http-nio-8080-exec-103] c.e.c.i.a.CouponPersistenceAdapter       : version : 8
2025-07-07T19:31:22.420+09:00  INFO 12356 --- [http-nio-8080-exec-154] c.e.c.i.a.CouponPersistenceAdapter       : version : 8
2025-07-07T19:31:22.427+09:00  INFO 12356 --- [http-nio-8080-exec-141] c.e.c.i.a.CouponPersistenceAdapter       : version : 8
2025-07-07T19:31:22.439+09:00  INFO 12356 --- [http-nio-8080-exec-180] c.e.c.i.a.CouponPersistenceAdapter       : version : 8
2025-07-07T19:31:22.450+09:00  INFO 12356 --- [http-nio-8080-exec-75] c.e.c.i.a.CouponPersistenceAdapter       : version : 8
2025-07-07T19:31:22.465+09:00  INFO 12356 --- [http-nio-8080-exec-127] c.e.c.i.a.CouponPersistenceAdapter       : version : 8
2025-07-07T19:31:22.479+09:00  INFO 12356 --- [http-nio-8080-exec-112] c.e.c.i.a.CouponPersistenceAdapter       : version : 8
2025-07-07T19:31:22.491+09:00  INFO 12356 --- [http-nio-8080-exec-86] c.e.c.i.a.CouponPersistenceAdapter       : version : 8
2025-07-07T19:31:22.506+09:00  INFO 12356 --- [http-nio-8080-exec-142] c.e.c.i.a.CouponPersistenceAdapter       : version : 8
2025-07-07T19:31:22.514+09:00  INFO 12356 --- [http-nio-8080-exec-150] c.e.c.i.a.CouponPersistenceAdapter       : version : 8
2025-07-07T19:31:22.523+09:00  INFO 12356 --- [http-nio-8080-exec-165] c.e.c.i.a.CouponPersistenceAdapter       : version : 8
2025-07-07T19:31:22.534+09:00  INFO 12356 --- [http-nio-8080-exec-45] c.e.c.i.a.CouponPersistenceAdapter       : version : 8
2025-07-07T19:31:22.546+09:00  INFO 12356 --- [http-nio-8080-exec-8] c.e.c.i.a.CouponPersistenceAdapter       : version : 8
2025-07-07T19:31:22.553+09:00  INFO 12356 --- [http-nio-8080-exec-179] c.e.c.i.a.CouponPersistenceAdapter       : version : 8
2025-07-07T19:31:22.558+09:00  INFO 12356 --- [http-nio-8080-exec-186] c.e.c.i.a.CouponPersistenceAdapter       : version : 8
2025-07-07T19:31:22.568+09:00  INFO 12356 --- [http-nio-8080-exec-83] c.e.c.i.a.CouponPersistenceAdapter       : version : 8
2025-07-07T19:31:22.578+09:00  INFO 12356 --- [http-nio-8080-exec-99] c.e.c.i.a.CouponPersistenceAdapter       : version : 8
2025-07-07T19:31:22.591+09:00  INFO 12356 --- [http-nio-8080-exec-188] c.e.c.i.a.CouponPersistenceAdapter       : version : 8
2025-07-07T19:31:22.607+09:00  INFO 12356 --- [http-nio-8080-exec-94] c.e.c.i.a.CouponPersistenceAdapter       : version : 8
2025-07-07T19:31:22.617+09:00  INFO 12356 --- [http-nio-8080-exec-58] c.e.c.i.a.CouponPersistenceAdapter       : version : 8
2025-07-07T19:31:22.626+09:00  INFO 12356 --- [http-nio-8080-exec-196] c.e.c.i.a.CouponPersistenceAdapter       : version : 8
2025-07-07T19:31:22.641+09:00  INFO 12356 --- [http-nio-8080-exec-167] c.e.c.i.a.CouponPersistenceAdapter       : version : 8
2025-07-07T19:31:22.651+09:00  INFO 12356 --- [http-nio-8080-exec-148] c.e.c.i.a.CouponPersistenceAdapter       : version : 8
2025-07-07T19:31:22.663+09:00  INFO 12356 --- [http-nio-8080-exec-139] c.e.c.i.a.CouponPersistenceAdapter       : version : 8
2025-07-07T19:31:22.673+09:00  INFO 12356 --- [http-nio-8080-exec-76] c.e.c.i.a.CouponPersistenceAdapter       : version : 8
2025-07-07T19:31:22.681+09:00  INFO 12356 --- [http-nio-8080-exec-97] c.e.c.i.a.CouponPersistenceAdapter       : version : 8
2025-07-07T19:31:22.692+09:00  INFO 12356 --- [http-nio-8080-exec-111] c.e.c.i.a.CouponPersistenceAdapter       : version : 8
2025-07-07T19:31:22.701+09:00  INFO 12356 --- [http-nio-8080-exec-115] c.e.c.i.a.CouponPersistenceAdapter       : version : 8
2025-07-07T19:31:22.711+09:00  INFO 12356 --- [http-nio-8080-exec-162] c.e.c.i.a.CouponPersistenceAdapter       : version : 8
2025-07-07T19:31:22.722+09:00  INFO 12356 --- [http-nio-8080-exec-23] c.e.c.i.a.CouponPersistenceAdapter       : version : 8
2025-07-07T19:31:22.733+09:00  INFO 12356 --- [http-nio-8080-exec-98] c.e.c.i.a.CouponPersistenceAdapter       : version : 8
2025-07-07T19:31:22.744+09:00  INFO 12356 --- [http-nio-8080-exec-128] c.e.c.i.a.CouponPersistenceAdapter       : version : 8
2025-07-07T19:31:22.754+09:00  INFO 12356 --- [http-nio-8080-exec-57] c.e.c.i.a.CouponPersistenceAdapter       : version : 8
2025-07-07T19:31:22.763+09:00  INFO 12356 --- [http-nio-8080-exec-60] c.e.c.i.a.CouponPersistenceAdapter       : version : 8
2025-07-07T19:31:22.771+09:00  INFO 12356 --- [http-nio-8080-exec-133] c.e.c.i.a.CouponPersistenceAdapter       : version : 8
2025-07-07T19:31:22.779+09:00  INFO 12356 --- [http-nio-8080-exec-156] c.e.c.i.a.CouponPersistenceAdapter       : version : 8
2025-07-07T19:31:22.790+09:00  INFO 12356 --- [http-nio-8080-exec-82] c.e.c.i.a.CouponPersistenceAdapter       : version : 8
2025-07-07T19:31:22.799+09:00  INFO 12356 --- [http-nio-8080-exec-84] c.e.c.i.a.CouponPersistenceAdapter       : version : 8
2025-07-07T19:31:22.809+09:00  INFO 12356 --- [http-nio-8080-exec-181] c.e.c.i.a.CouponPersistenceAdapter       : version : 8
2025-07-07T19:31:22.818+09:00  INFO 12356 --- [http-nio-8080-exec-152] c.e.c.i.a.CouponPersistenceAdapter       : version : 8
2025-07-07T19:31:22.826+09:00  INFO 12356 --- [http-nio-8080-exec-168] c.e.c.i.a.CouponPersistenceAdapter       : version : 8
2025-07-07T19:31:22.836+09:00  INFO 12356 --- [http-nio-8080-exec-171] c.e.c.i.a.CouponPersistenceAdapter       : version : 8
2025-07-07T19:31:22.850+09:00  INFO 12356 --- [http-nio-8080-exec-137] c.e.c.i.a.CouponPersistenceAdapter       : version : 8
2025-07-07T19:31:22.875+09:00  INFO 12356 --- [http-nio-8080-exec-146] c.e.c.i.a.CouponPersistenceAdapter       : version : 8
2025-07-07T19:31:22.885+09:00  INFO 12356 --- [http-nio-8080-exec-35] c.e.c.i.a.CouponPersistenceAdapter       : version : 8
2025-07-07T19:31:22.898+09:00  INFO 12356 --- [http-nio-8080-exec-183] c.e.c.i.a.CouponPersistenceAdapter       : version : 8
2025-07-07T19:31:22.910+09:00  INFO 12356 --- [http-nio-8080-exec-72] c.e.c.i.a.CouponPersistenceAdapter       : version : 8
2025-07-07T19:31:22.921+09:00  INFO 12356 --- [http-nio-8080-exec-134] c.e.c.i.a.CouponPersistenceAdapter       : version : 8
2025-07-07T19:31:22.933+09:00  INFO 12356 --- [http-nio-8080-exec-159] c.e.c.i.a.CouponPersistenceAdapter       : version : 8
2025-07-07T19:31:22.949+09:00  INFO 12356 --- [http-nio-8080-exec-119] c.e.c.i.a.CouponPersistenceAdapter       : version : 8
2025-07-07T19:31:22.966+09:00  INFO 12356 --- [http-nio-8080-exec-48] c.e.c.i.a.CouponPersistenceAdapter       : version : 8
2025-07-07T19:31:22.983+09:00  INFO 12356 --- [http-nio-8080-exec-172] c.e.c.i.a.CouponPersistenceAdapter       : version : 8
2025-07-07T19:31:22.999+09:00  INFO 12356 --- [http-nio-8080-exec-68] c.e.c.i.a.CouponPersistenceAdapter       : version : 8
2025-07-07T19:31:23.011+09:00  INFO 12356 --- [http-nio-8080-exec-163] c.e.c.i.a.CouponPersistenceAdapter       : version : 8
2025-07-07T19:31:23.021+09:00  INFO 12356 --- [http-nio-8080-exec-105] c.e.c.i.a.CouponPersistenceAdapter       : version : 8
2025-07-07T19:31:23.030+09:00  INFO 12356 --- [http-nio-8080-exec-9] c.e.c.i.a.CouponPersistenceAdapter       : version : 8
2025-07-07T19:31:23.044+09:00  INFO 12356 --- [http-nio-8080-exec-158] c.e.c.i.a.CouponPersistenceAdapter       : version : 8
2025-07-07T19:31:23.055+09:00  INFO 12356 --- [http-nio-8080-exec-132] c.e.c.i.a.CouponPersistenceAdapter       : version : 8
2025-07-07T19:31:23.065+09:00  INFO 12356 --- [http-nio-8080-exec-120] c.e.c.i.a.CouponPersistenceAdapter       : version : 8
2025-07-07T19:31:23.074+09:00  INFO 12356 --- [http-nio-8080-exec-160] c.e.c.i.a.CouponPersistenceAdapter       : version : 8
2025-07-07T19:31:23.084+09:00  INFO 12356 --- [http-nio-8080-exec-130] c.e.c.i.a.CouponPersistenceAdapter       : version : 8
2025-07-07T19:31:23.099+09:00  INFO 12356 --- [http-nio-8080-exec-17] c.e.c.i.a.CouponPersistenceAdapter       : version : 8
2025-07-07T19:31:23.110+09:00  INFO 12356 --- [http-nio-8080-exec-197] c.e.c.i.a.CouponPersistenceAdapter       : version : 8
2025-07-07T19:31:23.121+09:00  INFO 12356 --- [http-nio-8080-exec-26] c.e.c.i.a.CouponPersistenceAdapter       : version : 8
2025-07-07T19:31:23.133+09:00  INFO 12356 --- [http-nio-8080-exec-79] c.e.c.i.a.CouponPersistenceAdapter       : version : 8
2025-07-07T19:31:23.149+09:00  INFO 12356 --- [http-nio-8080-exec-178] c.e.c.i.a.CouponPersistenceAdapter       : version : 8
2025-07-07T19:31:23.156+09:00  INFO 12356 --- [http-nio-8080-exec-117] c.e.c.i.a.CouponPersistenceAdapter       : version : 8
2025-07-07T19:31:23.165+09:00  INFO 12356 --- [http-nio-8080-exec-109] c.e.c.i.a.CouponPersistenceAdapter       : version : 8
2025-07-07T19:31:23.175+09:00  INFO 12356 --- [http-nio-8080-exec-161] c.e.c.i.a.CouponPersistenceAdapter       : version : 8
2025-07-07T19:31:23.186+09:00  INFO 12356 --- [http-nio-8080-exec-187] c.e.c.i.a.CouponPersistenceAdapter       : version : 8
2025-07-07T19:31:23.198+09:00  INFO 12356 --- [http-nio-8080-exec-90] c.e.c.i.a.CouponPersistenceAdapter       : version : 8
2025-07-07T19:31:23.209+09:00  INFO 12356 --- [http-nio-8080-exec-85] c.e.c.i.a.CouponPersistenceAdapter       : version : 8
2025-07-07T19:31:23.219+09:00  INFO 12356 --- [http-nio-8080-exec-62] c.e.c.i.a.CouponPersistenceAdapter       : version : 8
2025-07-07T19:31:23.232+09:00  INFO 12356 --- [http-nio-8080-exec-182] c.e.c.i.a.CouponPersistenceAdapter       : version : 8
2025-07-07T19:31:23.243+09:00  INFO 12356 --- [http-nio-8080-exec-143] c.e.c.i.a.CouponPersistenceAdapter       : version : 8
2025-07-07T19:31:23.253+09:00  INFO 12356 --- [http-nio-8080-exec-11] c.e.c.i.a.CouponPersistenceAdapter       : version : 8
2025-07-07T19:31:23.261+09:00  INFO 12356 --- [http-nio-8080-exec-157] c.e.c.i.a.CouponPersistenceAdapter       : version : 8
2025-07-07T19:31:23.270+09:00  INFO 12356 --- [http-nio-8080-exec-151] c.e.c.i.a.CouponPersistenceAdapter       : version : 8
2025-07-07T19:31:23.280+09:00  INFO 12356 --- [http-nio-8080-exec-31] c.e.c.i.a.CouponPersistenceAdapter       : version : 8
2025-07-07T19:31:23.291+09:00  INFO 12356 --- [http-nio-8080-exec-194] c.e.c.i.a.CouponPersistenceAdapter       : version : 8
2025-07-07T19:31:23.303+09:00  INFO 12356 --- [http-nio-8080-exec-192] c.e.c.i.a.CouponPersistenceAdapter       : version : 8
2025-07-07T19:31:23.315+09:00  INFO 12356 --- [http-nio-8080-exec-114] c.e.c.i.a.CouponPersistenceAdapter       : version : 8
2025-07-07T19:31:23.324+09:00  INFO 12356 --- [http-nio-8080-exec-191] c.e.c.i.a.CouponPersistenceAdapter       : version : 8
2025-07-07T19:31:23.337+09:00  INFO 12356 --- [http-nio-8080-exec-129] c.e.c.i.a.CouponPersistenceAdapter       : version : 8
2025-07-07T19:31:23.348+09:00  INFO 12356 --- [http-nio-8080-exec-118] c.e.c.i.a.CouponPersistenceAdapter       : version : 8
2025-07-07T19:31:23.362+09:00  INFO 12356 --- [http-nio-8080-exec-170] c.e.c.i.a.CouponPersistenceAdapter       : version : 8
2025-07-07T19:31:23.371+09:00  INFO 12356 --- [http-nio-8080-exec-175] c.e.c.i.a.CouponPersistenceAdapter       : version : 8
2025-07-07T19:31:23.380+09:00  INFO 12356 --- [http-nio-8080-exec-89] c.e.c.i.a.CouponPersistenceAdapter       : version : 8
2025-07-07T19:31:23.391+09:00  INFO 12356 --- [http-nio-8080-exec-73] c.e.c.i.a.CouponPersistenceAdapter       : version : 8
2025-07-07T19:31:23.402+09:00  INFO 12356 --- [http-nio-8080-exec-110] c.e.c.i.a.CouponPersistenceAdapter       : version : 8
2025-07-07T19:31:23.414+09:00  INFO 12356 --- [http-nio-8080-exec-200] c.e.c.i.a.CouponPersistenceAdapter       : version : 8
2025-07-07T19:31:23.423+09:00  INFO 12356 --- [http-nio-8080-exec-193] c.e.c.i.a.CouponPersistenceAdapter       : version : 8
2025-07-07T19:31:23.433+09:00  INFO 12356 --- [http-nio-8080-exec-124] c.e.c.i.a.CouponPersistenceAdapter       : version : 8
2025-07-07T19:31:23.443+09:00  INFO 12356 --- [http-nio-8080-exec-164] c.e.c.i.a.CouponPersistenceAdapter       : version : 8
2025-07-07T19:31:23.452+09:00  INFO 12356 --- [http-nio-8080-exec-113] c.e.c.i.a.CouponPersistenceAdapter       : version : 8
2025-07-07T19:31:23.462+09:00  INFO 12356 --- [http-nio-8080-exec-6] c.e.c.i.a.CouponPersistenceAdapter       : version : 9
2025-07-07T19:31:23.471+09:00  INFO 12356 --- [http-nio-8080-exec-101] c.e.c.i.a.CouponPersistenceAdapter       : version : 9
2025-07-07T19:31:23.486+09:00  INFO 12356 --- [http-nio-8080-exec-13] c.e.c.i.a.CouponPersistenceAdapter       : version : 9
2025-07-07T19:31:23.508+09:00  INFO 12356 --- [http-nio-8080-exec-20] c.e.c.i.a.CouponPersistenceAdapter       : version : 9
2025-07-07T19:31:23.563+09:00  INFO 12356 --- [http-nio-8080-exec-95] c.e.c.i.a.CouponPersistenceAdapter       : version : 9
2025-07-07T19:31:23.584+09:00  INFO 12356 --- [http-nio-8080-exec-18] c.e.c.i.a.CouponPersistenceAdapter       : version : 9
2025-07-07T19:31:23.594+09:00  INFO 12356 --- [http-nio-8080-exec-42] c.e.c.i.a.CouponPersistenceAdapter       : version : 9
2025-07-07T19:31:23.606+09:00  INFO 12356 --- [http-nio-8080-exec-67] c.e.c.i.a.CouponPersistenceAdapter       : version : 9
2025-07-07T19:31:23.619+09:00  INFO 12356 --- [http-nio-8080-exec-30] c.e.c.i.a.CouponPersistenceAdapter       : version : 9
2025-07-07T19:31:23.631+09:00  INFO 12356 --- [http-nio-8080-exec-41] c.e.c.i.a.CouponPersistenceAdapter       : version : 9
2025-07-07T19:31:23.646+09:00  INFO 12356 --- [http-nio-8080-exec-12] c.e.c.i.a.CouponPersistenceAdapter       : version : 9
2025-07-07T19:31:23.659+09:00  INFO 12356 --- [http-nio-8080-exec-135] c.e.c.i.a.CouponPersistenceAdapter       : version : 9
2025-07-07T19:31:23.673+09:00  INFO 12356 --- [http-nio-8080-exec-56] c.e.c.i.a.CouponPersistenceAdapter       : version : 9
2025-07-07T19:31:23.684+09:00  INFO 12356 --- [http-nio-8080-exec-47] c.e.c.i.a.CouponPersistenceAdapter       : version : 9
2025-07-07T19:31:23.695+09:00  INFO 12356 --- [http-nio-8080-exec-21] c.e.c.i.a.CouponPersistenceAdapter       : version : 9
2025-07-07T19:31:23.705+09:00  INFO 12356 --- [http-nio-8080-exec-2] c.e.c.i.a.CouponPersistenceAdapter       : version : 9
2025-07-07T19:31:23.715+09:00  INFO 12356 --- [http-nio-8080-exec-36] c.e.c.i.a.CouponPersistenceAdapter       : version : 9
2025-07-07T19:31:23.723+09:00  INFO 12356 --- [http-nio-8080-exec-4] c.e.c.i.a.CouponPersistenceAdapter       : version : 9
2025-07-07T19:31:23.732+09:00  INFO 12356 --- [http-nio-8080-exec-81] c.e.c.i.a.CouponPersistenceAdapter       : version : 9
2025-07-07T19:31:23.742+09:00  INFO 12356 --- [http-nio-8080-exec-61] c.e.c.i.a.CouponPersistenceAdapter       : version : 9
2025-07-07T19:31:23.751+09:00  INFO 12356 --- [http-nio-8080-exec-49] c.e.c.i.a.CouponPersistenceAdapter       : version : 9
2025-07-07T19:31:23.759+09:00  INFO 12356 --- [http-nio-8080-exec-51] c.e.c.i.a.CouponPersistenceAdapter       : version : 9
2025-07-07T19:31:23.769+09:00  INFO 12356 --- [http-nio-8080-exec-40] c.e.c.i.a.CouponPersistenceAdapter       : version : 9
2025-07-07T19:31:23.777+09:00  INFO 12356 --- [http-nio-8080-exec-5] c.e.c.i.a.CouponPersistenceAdapter       : version : 9
2025-07-07T19:31:23.787+09:00  INFO 12356 --- [http-nio-8080-exec-3] c.e.c.i.a.CouponPersistenceAdapter       : version : 9
2025-07-07T19:31:23.798+09:00  INFO 12356 --- [http-nio-8080-exec-100] c.e.c.i.a.CouponPersistenceAdapter       : version : 9
2025-07-07T19:31:23.807+09:00  INFO 12356 --- [http-nio-8080-exec-28] c.e.c.i.a.CouponPersistenceAdapter       : version : 9
2025-07-07T19:31:23.814+09:00  INFO 12356 --- [http-nio-8080-exec-55] c.e.c.i.a.CouponPersistenceAdapter       : version : 9
2025-07-07T19:31:23.829+09:00  INFO 12356 --- [http-nio-8080-exec-44] c.e.c.i.a.CouponPersistenceAdapter       : version : 9
2025-07-07T19:31:23.841+09:00  INFO 12356 --- [http-nio-8080-exec-96] c.e.c.i.a.CouponPersistenceAdapter       : version : 9
2025-07-07T19:31:23.851+09:00  INFO 12356 --- [http-nio-8080-exec-106] c.e.c.i.a.CouponPersistenceAdapter       : version : 9
2025-07-07T19:31:23.861+09:00  INFO 12356 --- [http-nio-8080-exec-39] c.e.c.i.a.CouponPersistenceAdapter       : version : 9
2025-07-07T19:31:23.869+09:00  INFO 12356 --- [http-nio-8080-exec-38] c.e.c.i.a.CouponPersistenceAdapter       : version : 9
2025-07-07T19:31:23.878+09:00  INFO 12356 --- [http-nio-8080-exec-1] c.e.c.i.a.CouponPersistenceAdapter       : version : 9
2025-07-07T19:31:23.888+09:00  INFO 12356 --- [http-nio-8080-exec-34] c.e.c.i.a.CouponPersistenceAdapter       : version : 9
2025-07-07T19:31:23.897+09:00  INFO 12356 --- [http-nio-8080-exec-53] c.e.c.i.a.CouponPersistenceAdapter       : version : 9
2025-07-07T19:31:23.905+09:00  INFO 12356 --- [http-nio-8080-exec-87] c.e.c.i.a.CouponPersistenceAdapter       : version : 9
2025-07-07T19:31:23.912+09:00  INFO 12356 --- [http-nio-8080-exec-107] c.e.c.i.a.CouponPersistenceAdapter       : version : 9
2025-07-07T19:31:23.919+09:00  INFO 12356 --- [http-nio-8080-exec-33] c.e.c.i.a.CouponPersistenceAdapter       : version : 9
2025-07-07T19:31:23.930+09:00  INFO 12356 --- [http-nio-8080-exec-50] c.e.c.i.a.CouponPersistenceAdapter       : version : 9
2025-07-07T19:31:23.943+09:00  INFO 12356 --- [http-nio-8080-exec-7] c.e.c.i.a.CouponPersistenceAdapter       : version : 9
2025-07-07T19:31:23.953+09:00  INFO 12356 --- [http-nio-8080-exec-14] c.e.c.i.a.CouponPersistenceAdapter       : version : 9
2025-07-07T19:31:23.961+09:00  INFO 12356 --- [http-nio-8080-exec-54] c.e.c.i.a.CouponPersistenceAdapter       : version : 9
2025-07-07T19:31:23.972+09:00  INFO 12356 --- [http-nio-8080-exec-29] c.e.c.i.a.CouponPersistenceAdapter       : version : 9
2025-07-07T19:31:23.979+09:00  INFO 12356 --- [http-nio-8080-exec-22] c.e.c.i.a.CouponPersistenceAdapter       : version : 9
2025-07-07T19:31:23.988+09:00  INFO 12356 --- [http-nio-8080-exec-144] c.e.c.i.a.CouponPersistenceAdapter       : version : 9
2025-07-07T19:31:24.000+09:00  INFO 12356 --- [http-nio-8080-exec-24] c.e.c.i.a.CouponPersistenceAdapter       : version : 9
2025-07-07T19:31:24.008+09:00  INFO 12356 --- [http-nio-8080-exec-15] c.e.c.i.a.CouponPersistenceAdapter       : version : 9
2025-07-07T19:31:24.014+09:00  INFO 12356 --- [http-nio-8080-exec-166] c.e.c.i.a.CouponPersistenceAdapter       : version : 9
2025-07-07T19:31:24.022+09:00  INFO 12356 --- [http-nio-8080-exec-93] c.e.c.i.a.CouponPersistenceAdapter       : version : 9
2025-07-07T19:31:24.031+09:00  INFO 12356 --- [http-nio-8080-exec-32] c.e.c.i.a.CouponPersistenceAdapter       : version : 9
2025-07-07T19:31:24.042+09:00  INFO 12356 --- [http-nio-8080-exec-136] c.e.c.i.a.CouponPersistenceAdapter       : version : 9
2025-07-07T19:31:24.050+09:00  INFO 12356 --- [http-nio-8080-exec-70] c.e.c.i.a.CouponPersistenceAdapter       : version : 9
2025-07-07T19:31:24.060+09:00  INFO 12356 --- [http-nio-8080-exec-19] c.e.c.i.a.CouponPersistenceAdapter       : version : 9
2025-07-07T19:31:24.069+09:00  INFO 12356 --- [http-nio-8080-exec-71] c.e.c.i.a.CouponPersistenceAdapter       : version : 9
2025-07-07T19:31:24.077+09:00  INFO 12356 --- [http-nio-8080-exec-10] c.e.c.i.a.CouponPersistenceAdapter       : version : 9
2025-07-07T19:31:24.085+09:00  INFO 12356 --- [http-nio-8080-exec-43] c.e.c.i.a.CouponPersistenceAdapter       : version : 9
2025-07-07T19:31:24.093+09:00  INFO 12356 --- [http-nio-8080-exec-147] c.e.c.i.a.CouponPersistenceAdapter       : version : 9
2025-07-07T19:31:24.101+09:00  INFO 12356 --- [http-nio-8080-exec-131] c.e.c.i.a.CouponPersistenceAdapter       : version : 9
2025-07-07T19:31:24.114+09:00  INFO 12356 --- [http-nio-8080-exec-104] c.e.c.i.a.CouponPersistenceAdapter       : version : 9
2025-07-07T19:31:24.123+09:00  INFO 12356 --- [http-nio-8080-exec-37] c.e.c.i.a.CouponPersistenceAdapter       : version : 9
2025-07-07T19:31:24.131+09:00  INFO 12356 --- [http-nio-8080-exec-80] c.e.c.i.a.CouponPersistenceAdapter       : version : 9
2025-07-07T19:31:24.140+09:00  INFO 12356 --- [http-nio-8080-exec-102] c.e.c.i.a.CouponPersistenceAdapter       : version : 9
2025-07-07T19:31:24.149+09:00  INFO 12356 --- [http-nio-8080-exec-16] c.e.c.i.a.CouponPersistenceAdapter       : version : 9
2025-07-07T19:31:24.158+09:00  INFO 12356 --- [http-nio-8080-exec-66] c.e.c.i.a.CouponPersistenceAdapter       : version : 9
2025-07-07T19:31:24.165+09:00  INFO 12356 --- [http-nio-8080-exec-92] c.e.c.i.a.CouponPersistenceAdapter       : version : 9
2025-07-07T19:31:24.171+09:00  INFO 12356 --- [http-nio-8080-exec-138] c.e.c.i.a.CouponPersistenceAdapter       : version : 9
2025-07-07T19:31:24.179+09:00  INFO 12356 --- [http-nio-8080-exec-59] c.e.c.i.a.CouponPersistenceAdapter       : version : 9
2025-07-07T19:31:24.190+09:00  INFO 12356 --- [http-nio-8080-exec-122] c.e.c.i.a.CouponPersistenceAdapter       : version : 9
2025-07-07T19:31:24.201+09:00  INFO 12356 --- [http-nio-8080-exec-177] c.e.c.i.a.CouponPersistenceAdapter       : version : 9
2025-07-07T19:31:24.210+09:00  INFO 12356 --- [http-nio-8080-exec-52] c.e.c.i.a.CouponPersistenceAdapter       : version : 9
2025-07-07T19:31:24.218+09:00  INFO 12356 --- [http-nio-8080-exec-69] c.e.c.i.a.CouponPersistenceAdapter       : version : 9
2025-07-07T19:31:24.226+09:00  INFO 12356 --- [http-nio-8080-exec-27] c.e.c.i.a.CouponPersistenceAdapter       : version : 9
2025-07-07T19:31:24.236+09:00  INFO 12356 --- [http-nio-8080-exec-78] c.e.c.i.a.CouponPersistenceAdapter       : version : 9
2025-07-07T19:31:24.245+09:00  INFO 12356 --- [http-nio-8080-exec-63] c.e.c.i.a.CouponPersistenceAdapter       : version : 9
2025-07-07T19:31:24.252+09:00  INFO 12356 --- [http-nio-8080-exec-149] c.e.c.i.a.CouponPersistenceAdapter       : version : 9
2025-07-07T19:31:24.260+09:00  INFO 12356 --- [http-nio-8080-exec-153] c.e.c.i.a.CouponPersistenceAdapter       : version : 9
2025-07-07T19:31:24.268+09:00  INFO 12356 --- [http-nio-8080-exec-65] c.e.c.i.a.CouponPersistenceAdapter       : version : 9
2025-07-07T19:31:24.278+09:00  INFO 12356 --- [http-nio-8080-exec-64] c.e.c.i.a.CouponPersistenceAdapter       : version : 9
2025-07-07T19:31:24.316+09:00  INFO 12356 --- [http-nio-8080-exec-125] c.e.c.i.a.CouponPersistenceAdapter       : version : 9
2025-07-07T19:31:24.394+09:00  INFO 12356 --- [http-nio-8080-exec-77] c.e.c.i.a.CouponPersistenceAdapter       : version : 9
2025-07-07T19:31:24.415+09:00  INFO 12356 --- [http-nio-8080-exec-140] c.e.c.i.a.CouponPersistenceAdapter       : version : 9
2025-07-07T19:31:24.444+09:00  INFO 12356 --- [http-nio-8080-exec-145] c.e.c.i.a.CouponPersistenceAdapter       : version : 9
2025-07-07T19:31:24.471+09:00  INFO 12356 --- [http-nio-8080-exec-169] c.e.c.i.a.CouponPersistenceAdapter       : version : 9
2025-07-07T19:31:24.500+09:00  INFO 12356 --- [http-nio-8080-exec-190] c.e.c.i.a.CouponPersistenceAdapter       : version : 9
2025-07-07T19:31:24.513+09:00  INFO 12356 --- [http-nio-8080-exec-155] c.e.c.i.a.CouponPersistenceAdapter       : version : 9
2025-07-07T19:31:24.538+09:00  INFO 12356 --- [http-nio-8080-exec-198] c.e.c.i.a.CouponPersistenceAdapter       : version : 9
2025-07-07T19:31:24.549+09:00  INFO 12356 --- [http-nio-8080-exec-91] c.e.c.i.a.CouponPersistenceAdapter       : version : 9
2025-07-07T19:31:24.562+09:00  INFO 12356 --- [http-nio-8080-exec-185] c.e.c.i.a.CouponPersistenceAdapter       : version : 9
2025-07-07T19:31:24.575+09:00  INFO 12356 --- [http-nio-8080-exec-123] c.e.c.i.a.CouponPersistenceAdapter       : version : 9
2025-07-07T19:31:24.590+09:00  INFO 12356 --- [http-nio-8080-exec-176] c.e.c.i.a.CouponPersistenceAdapter       : version : 9
2025-07-07T19:31:24.610+09:00  INFO 12356 --- [http-nio-8080-exec-25] c.e.c.i.a.CouponPersistenceAdapter       : version : 9
2025-07-07T19:31:24.626+09:00  INFO 12356 --- [http-nio-8080-exec-195] c.e.c.i.a.CouponPersistenceAdapter       : version : 9
2025-07-07T19:31:24.643+09:00  INFO 12356 --- [http-nio-8080-exec-184] c.e.c.i.a.CouponPersistenceAdapter       : version : 9
2025-07-07T19:31:24.656+09:00  INFO 12356 --- [http-nio-8080-exec-173] c.e.c.i.a.CouponPersistenceAdapter       : version : 9
2025-07-07T19:31:24.673+09:00  INFO 12356 --- [http-nio-8080-exec-88] c.e.c.i.a.CouponPersistenceAdapter       : version : 9
2025-07-07T19:31:24.689+09:00  INFO 12356 --- [http-nio-8080-exec-108] c.e.c.i.a.CouponPersistenceAdapter       : version : 9
2025-07-07T19:31:24.703+09:00  INFO 12356 --- [http-nio-8080-exec-116] c.e.c.i.a.CouponPersistenceAdapter       : version : 9
2025-07-07T19:31:24.718+09:00  INFO 12356 --- [http-nio-8080-exec-174] c.e.c.i.a.CouponPersistenceAdapter       : version : 9
2025-07-07T19:31:24.730+09:00  INFO 12356 --- [http-nio-8080-exec-126] c.e.c.i.a.CouponPersistenceAdapter       : version : 9
2025-07-07T19:31:24.746+09:00  INFO 12356 --- [http-nio-8080-exec-121] c.e.c.i.a.CouponPersistenceAdapter       : version : 9
2025-07-07T19:31:24.768+09:00  INFO 12356 --- [http-nio-8080-exec-46] c.e.c.i.a.CouponPersistenceAdapter       : version : 9
2025-07-07T19:31:24.792+09:00  INFO 12356 --- [http-nio-8080-exec-74] c.e.c.i.a.CouponPersistenceAdapter       : version : 9
2025-07-07T19:31:24.876+09:00  INFO 12356 --- [http-nio-8080-exec-199] c.e.c.i.a.CouponPersistenceAdapter       : version : 9
2025-07-07T19:31:24.894+09:00  INFO 12356 --- [http-nio-8080-exec-189] c.e.c.i.a.CouponPersistenceAdapter       : version : 9
2025-07-07T19:31:24.912+09:00  INFO 12356 --- [http-nio-8080-exec-103] c.e.c.i.a.CouponPersistenceAdapter       : version : 9
2025-07-07T19:31:24.925+09:00  INFO 12356 --- [http-nio-8080-exec-154] c.e.c.i.a.CouponPersistenceAdapter       : version : 9
2025-07-07T19:31:24.963+09:00  INFO 12356 --- [http-nio-8080-exec-141] c.e.c.i.a.CouponPersistenceAdapter       : version : 9
2025-07-07T19:31:24.982+09:00  INFO 12356 --- [http-nio-8080-exec-180] c.e.c.i.a.CouponPersistenceAdapter       : version : 9
2025-07-07T19:31:24.998+09:00  INFO 12356 --- [http-nio-8080-exec-75] c.e.c.i.a.CouponPersistenceAdapter       : version : 9
2025-07-07T19:31:25.012+09:00  INFO 12356 --- [http-nio-8080-exec-127] c.e.c.i.a.CouponPersistenceAdapter       : version : 9
2025-07-07T19:31:25.025+09:00  INFO 12356 --- [http-nio-8080-exec-112] c.e.c.i.a.CouponPersistenceAdapter       : version : 9
2025-07-07T19:31:25.038+09:00  INFO 12356 --- [http-nio-8080-exec-86] c.e.c.i.a.CouponPersistenceAdapter       : version : 9
2025-07-07T19:31:25.051+09:00  INFO 12356 --- [http-nio-8080-exec-142] c.e.c.i.a.CouponPersistenceAdapter       : version : 9
2025-07-07T19:31:25.066+09:00  INFO 12356 --- [http-nio-8080-exec-150] c.e.c.i.a.CouponPersistenceAdapter       : version : 9
2025-07-07T19:31:25.111+09:00  INFO 12356 --- [http-nio-8080-exec-165] c.e.c.i.a.CouponPersistenceAdapter       : version : 9
2025-07-07T19:31:25.122+09:00  INFO 12356 --- [http-nio-8080-exec-45] c.e.c.i.a.CouponPersistenceAdapter       : version : 9
2025-07-07T19:31:25.138+09:00  INFO 12356 --- [http-nio-8080-exec-8] c.e.c.i.a.CouponPersistenceAdapter       : version : 9
2025-07-07T19:31:25.151+09:00  INFO 12356 --- [http-nio-8080-exec-179] c.e.c.i.a.CouponPersistenceAdapter       : version : 9
2025-07-07T19:31:25.159+09:00  INFO 12356 --- [http-nio-8080-exec-186] c.e.c.i.a.CouponPersistenceAdapter       : version : 9
2025-07-07T19:31:25.167+09:00  INFO 12356 --- [http-nio-8080-exec-83] c.e.c.i.a.CouponPersistenceAdapter       : version : 9
2025-07-07T19:31:25.176+09:00  INFO 12356 --- [http-nio-8080-exec-99] c.e.c.i.a.CouponPersistenceAdapter       : version : 9
2025-07-07T19:31:25.189+09:00  INFO 12356 --- [http-nio-8080-exec-188] c.e.c.i.a.CouponPersistenceAdapter       : version : 9
2025-07-07T19:31:25.204+09:00  INFO 12356 --- [http-nio-8080-exec-94] c.e.c.i.a.CouponPersistenceAdapter       : version : 9
2025-07-07T19:31:25.214+09:00  INFO 12356 --- [http-nio-8080-exec-58] c.e.c.i.a.CouponPersistenceAdapter       : version : 9
2025-07-07T19:31:25.223+09:00  INFO 12356 --- [http-nio-8080-exec-196] c.e.c.i.a.CouponPersistenceAdapter       : version : 9
2025-07-07T19:31:25.234+09:00  INFO 12356 --- [http-nio-8080-exec-167] c.e.c.i.a.CouponPersistenceAdapter       : version : 9
2025-07-07T19:31:25.247+09:00  INFO 12356 --- [http-nio-8080-exec-148] c.e.c.i.a.CouponPersistenceAdapter       : version : 9
2025-07-07T19:31:25.256+09:00  INFO 12356 --- [http-nio-8080-exec-139] c.e.c.i.a.CouponPersistenceAdapter       : version : 9
2025-07-07T19:31:25.266+09:00  INFO 12356 --- [http-nio-8080-exec-76] c.e.c.i.a.CouponPersistenceAdapter       : version : 9
2025-07-07T19:31:25.274+09:00  INFO 12356 --- [http-nio-8080-exec-97] c.e.c.i.a.CouponPersistenceAdapter       : version : 9
2025-07-07T19:31:25.284+09:00  INFO 12356 --- [http-nio-8080-exec-111] c.e.c.i.a.CouponPersistenceAdapter       : version : 9
2025-07-07T19:31:25.298+09:00  INFO 12356 --- [http-nio-8080-exec-115] c.e.c.i.a.CouponPersistenceAdapter       : version : 9
2025-07-07T19:31:25.312+09:00  INFO 12356 --- [http-nio-8080-exec-162] c.e.c.i.a.CouponPersistenceAdapter       : version : 9
2025-07-07T19:31:25.324+09:00  INFO 12356 --- [http-nio-8080-exec-23] c.e.c.i.a.CouponPersistenceAdapter       : version : 9
2025-07-07T19:31:25.335+09:00  INFO 12356 --- [http-nio-8080-exec-98] c.e.c.i.a.CouponPersistenceAdapter       : version : 9
2025-07-07T19:31:25.351+09:00  INFO 12356 --- [http-nio-8080-exec-128] c.e.c.i.a.CouponPersistenceAdapter       : version : 9
2025-07-07T19:31:25.370+09:00  INFO 12356 --- [http-nio-8080-exec-57] c.e.c.i.a.CouponPersistenceAdapter       : version : 9
2025-07-07T19:31:25.379+09:00  INFO 12356 --- [http-nio-8080-exec-60] c.e.c.i.a.CouponPersistenceAdapter       : version : 9
2025-07-07T19:31:25.388+09:00  INFO 12356 --- [http-nio-8080-exec-133] c.e.c.i.a.CouponPersistenceAdapter       : version : 9
2025-07-07T19:31:25.402+09:00  INFO 12356 --- [http-nio-8080-exec-156] c.e.c.i.a.CouponPersistenceAdapter       : version : 9
2025-07-07T19:31:25.413+09:00  INFO 12356 --- [http-nio-8080-exec-82] c.e.c.i.a.CouponPersistenceAdapter       : version : 9
2025-07-07T19:31:25.421+09:00  INFO 12356 --- [http-nio-8080-exec-84] c.e.c.i.a.CouponPersistenceAdapter       : version : 9
2025-07-07T19:31:25.433+09:00  INFO 12356 --- [http-nio-8080-exec-181] c.e.c.i.a.CouponPersistenceAdapter       : version : 9
2025-07-07T19:31:25.443+09:00  INFO 12356 --- [http-nio-8080-exec-152] c.e.c.i.a.CouponPersistenceAdapter       : version : 9
2025-07-07T19:31:25.454+09:00  INFO 12356 --- [http-nio-8080-exec-168] c.e.c.i.a.CouponPersistenceAdapter       : version : 9
2025-07-07T19:31:25.465+09:00  INFO 12356 --- [http-nio-8080-exec-171] c.e.c.i.a.CouponPersistenceAdapter       : version : 9
2025-07-07T19:31:25.474+09:00  INFO 12356 --- [http-nio-8080-exec-137] c.e.c.i.a.CouponPersistenceAdapter       : version : 9
2025-07-07T19:31:25.483+09:00  INFO 12356 --- [http-nio-8080-exec-146] c.e.c.i.a.CouponPersistenceAdapter       : version : 9
2025-07-07T19:31:25.510+09:00  INFO 12356 --- [http-nio-8080-exec-35] c.e.c.i.a.CouponPersistenceAdapter       : version : 9
2025-07-07T19:31:25.522+09:00  INFO 12356 --- [http-nio-8080-exec-183] c.e.c.i.a.CouponPersistenceAdapter       : version : 9
2025-07-07T19:31:25.532+09:00  INFO 12356 --- [http-nio-8080-exec-72] c.e.c.i.a.CouponPersistenceAdapter       : version : 9
2025-07-07T19:31:25.545+09:00  INFO 12356 --- [http-nio-8080-exec-134] c.e.c.i.a.CouponPersistenceAdapter       : version : 9
2025-07-07T19:31:25.553+09:00  INFO 12356 --- [http-nio-8080-exec-159] c.e.c.i.a.CouponPersistenceAdapter       : version : 9
2025-07-07T19:31:25.561+09:00  INFO 12356 --- [http-nio-8080-exec-119] c.e.c.i.a.CouponPersistenceAdapter       : version : 9
2025-07-07T19:31:25.569+09:00  INFO 12356 --- [http-nio-8080-exec-48] c.e.c.i.a.CouponPersistenceAdapter       : version : 9
2025-07-07T19:31:25.583+09:00  INFO 12356 --- [http-nio-8080-exec-172] c.e.c.i.a.CouponPersistenceAdapter       : version : 9
2025-07-07T19:31:25.594+09:00  INFO 12356 --- [http-nio-8080-exec-68] c.e.c.i.a.CouponPersistenceAdapter       : version : 9
2025-07-07T19:31:25.604+09:00  INFO 12356 --- [http-nio-8080-exec-163] c.e.c.i.a.CouponPersistenceAdapter       : version : 9
2025-07-07T19:31:25.613+09:00  INFO 12356 --- [http-nio-8080-exec-105] c.e.c.i.a.CouponPersistenceAdapter       : version : 9
2025-07-07T19:31:25.621+09:00  INFO 12356 --- [http-nio-8080-exec-9] c.e.c.i.a.CouponPersistenceAdapter       : version : 9
2025-07-07T19:31:25.629+09:00  INFO 12356 --- [http-nio-8080-exec-158] c.e.c.i.a.CouponPersistenceAdapter       : version : 9
2025-07-07T19:31:25.640+09:00  INFO 12356 --- [http-nio-8080-exec-132] c.e.c.i.a.CouponPersistenceAdapter       : version : 9
2025-07-07T19:31:25.647+09:00  INFO 12356 --- [http-nio-8080-exec-120] c.e.c.i.a.CouponPersistenceAdapter       : version : 9
2025-07-07T19:31:25.655+09:00  INFO 12356 --- [http-nio-8080-exec-160] c.e.c.i.a.CouponPersistenceAdapter       : version : 9
2025-07-07T19:31:25.663+09:00  INFO 12356 --- [http-nio-8080-exec-130] c.e.c.i.a.CouponPersistenceAdapter       : version : 9
2025-07-07T19:31:25.674+09:00  INFO 12356 --- [http-nio-8080-exec-17] c.e.c.i.a.CouponPersistenceAdapter       : version : 9
2025-07-07T19:31:25.684+09:00  INFO 12356 --- [http-nio-8080-exec-197] c.e.c.i.a.CouponPersistenceAdapter       : version : 9
2025-07-07T19:31:25.696+09:00  INFO 12356 --- [http-nio-8080-exec-26] c.e.c.i.a.CouponPersistenceAdapter       : version : 9
2025-07-07T19:31:25.707+09:00  INFO 12356 --- [http-nio-8080-exec-79] c.e.c.i.a.CouponPersistenceAdapter       : version : 9
2025-07-07T19:31:25.717+09:00  INFO 12356 --- [http-nio-8080-exec-178] c.e.c.i.a.CouponPersistenceAdapter       : version : 9
2025-07-07T19:31:25.723+09:00  INFO 12356 --- [http-nio-8080-exec-117] c.e.c.i.a.CouponPersistenceAdapter       : version : 9
2025-07-07T19:31:25.732+09:00  INFO 12356 --- [http-nio-8080-exec-109] c.e.c.i.a.CouponPersistenceAdapter       : version : 9
2025-07-07T19:31:25.746+09:00  INFO 12356 --- [http-nio-8080-exec-161] c.e.c.i.a.CouponPersistenceAdapter       : version : 9
2025-07-07T19:31:25.756+09:00  INFO 12356 --- [http-nio-8080-exec-187] c.e.c.i.a.CouponPersistenceAdapter       : version : 9
2025-07-07T19:31:25.766+09:00  INFO 12356 --- [http-nio-8080-exec-90] c.e.c.i.a.CouponPersistenceAdapter       : version : 9
2025-07-07T19:31:25.777+09:00  INFO 12356 --- [http-nio-8080-exec-85] c.e.c.i.a.CouponPersistenceAdapter       : version : 9
2025-07-07T19:31:25.788+09:00  INFO 12356 --- [http-nio-8080-exec-62] c.e.c.i.a.CouponPersistenceAdapter       : version : 9
2025-07-07T19:31:25.800+09:00  INFO 12356 --- [http-nio-8080-exec-182] c.e.c.i.a.CouponPersistenceAdapter       : version : 9
2025-07-07T19:31:25.810+09:00  INFO 12356 --- [http-nio-8080-exec-143] c.e.c.i.a.CouponPersistenceAdapter       : version : 9
2025-07-07T19:31:25.821+09:00  INFO 12356 --- [http-nio-8080-exec-11] c.e.c.i.a.CouponPersistenceAdapter       : version : 9
2025-07-07T19:31:25.831+09:00  INFO 12356 --- [http-nio-8080-exec-157] c.e.c.i.a.CouponPersistenceAdapter       : version : 9
2025-07-07T19:31:25.866+09:00  INFO 12356 --- [http-nio-8080-exec-151] c.e.c.i.a.CouponPersistenceAdapter       : version : 9
2025-07-07T19:31:25.879+09:00  INFO 12356 --- [http-nio-8080-exec-31] c.e.c.i.a.CouponPersistenceAdapter       : version : 9
2025-07-07T19:31:25.893+09:00  INFO 12356 --- [http-nio-8080-exec-194] c.e.c.i.a.CouponPersistenceAdapter       : version : 9
2025-07-07T19:31:25.903+09:00  INFO 12356 --- [http-nio-8080-exec-192] c.e.c.i.a.CouponPersistenceAdapter       : version : 9
2025-07-07T19:31:25.913+09:00  INFO 12356 --- [http-nio-8080-exec-114] c.e.c.i.a.CouponPersistenceAdapter       : version : 9
2025-07-07T19:31:25.924+09:00  INFO 12356 --- [http-nio-8080-exec-191] c.e.c.i.a.CouponPersistenceAdapter       : version : 9
2025-07-07T19:31:25.936+09:00  INFO 12356 --- [http-nio-8080-exec-129] c.e.c.i.a.CouponPersistenceAdapter       : version : 9
2025-07-07T19:31:25.951+09:00  INFO 12356 --- [http-nio-8080-exec-118] c.e.c.i.a.CouponPersistenceAdapter       : version : 9
2025-07-07T19:31:25.960+09:00  INFO 12356 --- [http-nio-8080-exec-170] c.e.c.i.a.CouponPersistenceAdapter       : version : 9
2025-07-07T19:31:25.971+09:00  INFO 12356 --- [http-nio-8080-exec-175] c.e.c.i.a.CouponPersistenceAdapter       : version : 9
2025-07-07T19:31:25.980+09:00  INFO 12356 --- [http-nio-8080-exec-89] c.e.c.i.a.CouponPersistenceAdapter       : version : 9
2025-07-07T19:31:25.992+09:00  INFO 12356 --- [http-nio-8080-exec-73] c.e.c.i.a.CouponPersistenceAdapter       : version : 9
2025-07-07T19:31:26.002+09:00  INFO 12356 --- [http-nio-8080-exec-110] c.e.c.i.a.CouponPersistenceAdapter       : version : 9
2025-07-07T19:31:26.012+09:00  INFO 12356 --- [http-nio-8080-exec-200] c.e.c.i.a.CouponPersistenceAdapter       : version : 9
2025-07-07T19:31:26.021+09:00  INFO 12356 --- [http-nio-8080-exec-193] c.e.c.i.a.CouponPersistenceAdapter       : version : 9
2025-07-07T19:31:26.033+09:00  INFO 12356 --- [http-nio-8080-exec-124] c.e.c.i.a.CouponPersistenceAdapter       : version : 9
2025-07-07T19:31:26.044+09:00  INFO 12356 --- [http-nio-8080-exec-164] c.e.c.i.a.CouponPersistenceAdapter       : version : 9
2025-07-07T19:31:26.053+09:00  INFO 12356 --- [http-nio-8080-exec-113] c.e.c.i.a.CouponPersistenceAdapter       : version : 9
2025-07-07T19:34:50.139+09:00  INFO 12356 --- [SpringApplicationShutdownHook] o.s.b.w.e.tomcat.GracefulShutdown        : Commencing graceful shutdown. Waiting for active requests to complete
2025-07-07T19:34:50.296+09:00  INFO 12356 --- [tomcat-shutdown] o.s.b.w.e.tomcat.GracefulShutdown        : Graceful shutdown complete
2025-07-07T19:34:50.491+09:00  INFO 12356 --- [SpringApplicationShutdownHook] com.zaxxer.hikari.HikariDataSource       : HikariPool-1 - Shutdown initiated...
2025-07-07T19:34:51.875+09:00  INFO 12356 --- [SpringApplicationShutdownHook] com.zaxxer.hikari.HikariDataSource       : HikariPool-1 - Shutdown completed.
